Site_name,REGION,TAG,Rhab_infection,pool_type,priority,pool_name,family
Jammer,CASIERRA,7955,0,resistant,1,CASIERRA_Jammer_rhabR,7039
Jammer,CASIERRA,3270,3,susceptible,1,CASIERRA_Jammer_rhabS,7039
Jammer,CASIERRA,3292,1,resistant,1,CASIERRA_Jammer_rhabR,7040
Jammer,CASIERRA,8012,3,susceptible,1,CASIERRA_Jammer_rhabS,7040
Jammer,CASIERRA,3367,0,resistant,1,CASIERRA_Jammer_rhabR,7041
Jammer,CASIERRA,3345,3,susceptible,1,CASIERRA_Jammer_rhabS,7041
Jammer,CASIERRA,8081,0,resistant,1,CASIERRA_Jammer_rhabR,7042
Jammer,CASIERRA,8091,3,susceptible,1,CASIERRA_Jammer_rhabS,7042
Jammer,CASIERRA,3423,0.5,resistant,1,CASIERRA_Jammer_rhabR,7043
Jammer,CASIERRA,8131,3,susceptible,1,CASIERRA_Jammer_rhabS,7043
Jammer,CASIERRA,3445,0,resistant,1,CASIERRA_Jammer_rhabR,7044
Jammer,CASIERRA,3475,3,susceptible,1,CASIERRA_Jammer_rhabS,7044
Jammer,CASIERRA,3501,1,resistant,1,CASIERRA_Jammer_rhabR,7045
Jammer,CASIERRA,3491,3,susceptible,1,CASIERRA_Jammer_rhabS,7045
Jammer,CASIERRA,3536,1,resistant,1,CASIERRA_Jammer_rhabR,7046
Jammer,CASIERRA,8215,3,susceptible,1,CASIERRA_Jammer_rhabS,7046
Jammer,CASIERRA,8246,1,resistant,1,CASIERRA_Jammer_rhabR,7047
Jammer,CASIERRA,3596,3,susceptible,1,CASIERRA_Jammer_rhabS,7047
Buckhorn,CASIERRA,3228,0.5,resistant,1,CASIERRA_Buckhorn_rhabR,7038
Buckhorn,CASIERRA,7921,3,susceptible,1,CASIERRA_Buckhorn_rhabS,7038
Buckhorn,CASIERRA,3266,0,resistant,1,CASIERRA_Buckhorn_rhabR,7039
Buckhorn,CASIERRA,7959,2.5,susceptible,1,CASIERRA_Buckhorn_rhabS,7039
Buckhorn,CASIERRA,3347,0,resistant,1,CASIERRA_Buckhorn_rhabR,7041
Buckhorn,CASIERRA,8043,2,susceptible,1,CASIERRA_Buckhorn_rhabS,7041
Buckhorn,CASIERRA,3390,1,resistant,1,CASIERRA_Buckhorn_rhabR,7042
Buckhorn,CASIERRA,8065,3,susceptible,1,CASIERRA_Buckhorn_rhabS,7042
Buckhorn,CASIERRA,8154,1,resistant,1,CASIERRA_Buckhorn_rhabR,7044
Buckhorn,CASIERRA,8142,3,susceptible,1,CASIERRA_Buckhorn_rhabS,7044
Buckhorn,CASIERRA,3514,1,resistant,1,CASIERRA_Buckhorn_rhabR,7045
Buckhorn,CASIERRA,3509,3,susceptible,1,CASIERRA_Buckhorn_rhabS,7045
Buckhorn,CASIERRA,3555,1,resistant,1,CASIERRA_Buckhorn_rhabR,7046
Buckhorn,CASIERRA,8197,3,susceptible,1,CASIERRA_Buckhorn_rhabS,7046
Buckhorn,CASIERRA,3585,1,resistant,1,CASIERRA_Buckhorn_rhabR,7047
Buckhorn,CASIERRA,8243,3,susceptible,1,CASIERRA_Buckhorn_rhabS,7047
Floras,CASIERRA,3238,1,resistant,1,CASIERRA_Floras_rhabR,7038
Floras,CASIERRA,7909,3,susceptible,1,CASIERRA_Floras_rhabS,7038
Floras,CASIERRA,3284,1,resistant,1,CASIERRA_Floras_rhabR,7039
Floras,CASIERRA,7969,2,susceptible,1,CASIERRA_Floras_rhabS,7039
Floras,CASIERRA,3321,1,resistant,1,CASIERRA_Floras_rhabR,7040
Floras,CASIERRA,8011,3,susceptible,1,CASIERRA_Floras_rhabS,7040
Floras,CASIERRA,3358,0,resistant,1,CASIERRA_Floras_rhabR,7041
Floras,CASIERRA,8037,3,susceptible,1,CASIERRA_Floras_rhabS,7041
Floras,CASIERRA,3391,1,resistant,1,CASIERRA_Floras_rhabR,7042
Floras,CASIERRA,3394,3,susceptible,1,CASIERRA_Floras_rhabS,7042
Floras,CASIERRA,8134,0.5,resistant,1,CASIERRA_Floras_rhabR,7044
Floras,CASIERRA,8157,3,susceptible,1,CASIERRA_Floras_rhabS,7044
Floras,CASIERRA,3496,1,resistant,1,CASIERRA_Floras_rhabR,7045
Floras,CASIERRA,8176,3,susceptible,1,CASIERRA_Floras_rhabS,7045
Floras,CASIERRA,8213,1,resistant,1,CASIERRA_Floras_rhabR,7046
Floras,CASIERRA,8209,3,susceptible,1,CASIERRA_Floras_rhabS,7046
Floras,CASIERRA,3591,0,resistant,1,CASIERRA_Floras_rhabR,7047
Floras,CASIERRA,8228,2.5,susceptible,1,CASIERRA_Floras_rhabS,7047
Slice,CASIERRA,8015,0,resistant,1,CASIERRA_Slice_rhabR,7041
Slice,CASIERRA,3365,3,susceptible,1,CASIERRA_Slice_rhabS,7041
Slice,CASIERRA,3413,0,resistant,1,CASIERRA_Slice_rhabR,7043
Slice,CASIERRA,8123,3,susceptible,1,CASIERRA_Slice_rhabS,7043
Slice,CASIERRA,3476,0,resistant,1,CASIERRA_Slice_rhabR,7044
Slice,CASIERRA,8165,3,susceptible,1,CASIERRA_Slice_rhabS,7044
Sodas,CASIERRA,3256,0.5,resistant,1,CASIERRA_Sodas_rhabR,7039
Sodas,CASIERRA,7976,3,susceptible,1,CASIERRA_Sodas_rhabS,7039
Sodas,CASIERRA,3313,1,resistant,1,CASIERRA_Sodas_rhabR,7040
Sodas,CASIERRA,7998,3,susceptible,1,CASIERRA_Sodas_rhabS,7040
Sodas,CASIERRA,8045,0,resistant,1,CASIERRA_Sodas_rhabR,7041
Sodas,CASIERRA,8030,3,susceptible,1,CASIERRA_Sodas_rhabS,7041
Sodas,CASIERRA,3376,0,resistant,1,CASIERRA_Sodas_rhabR,7042
Sodas,CASIERRA,8092,3,susceptible,1,CASIERRA_Sodas_rhabS,7042
Sodas,CASIERRA,3601,0,resistant,1,CASIERRA_Sodas_rhabR,7047
Sodas,CASIERRA,8255,3,susceptible,1,CASIERRA_Sodas_rhabS,7047
Doorstop,CASIERRA,7928,1,resistant,1,CASIERRA_Doorstop_rhabR,7038
Doorstop,CASIERRA,7919,3,susceptible,1,CASIERRA_Doorstop_rhabS,7038
Doorstop,CASIERRA,7964,1,resistant,1,CASIERRA_Doorstop_rhabR,7039
Doorstop,CASIERRA,7977,3,susceptible,1,CASIERRA_Doorstop_rhabS,7039
Doorstop,CASIERRA,3385,1,resistant,1,CASIERRA_Doorstop_rhabR,7042
Doorstop,CASIERRA,8087,3,susceptible,1,CASIERRA_Doorstop_rhabS,7042
Doorstop,CASIERRA,3432,0.5,resistant,1,CASIERRA_Doorstop_rhabR,7043
Doorstop,CASIERRA,8109,3,susceptible,1,CASIERRA_Doorstop_rhabS,7043
Doorstop,CASIERRA,8156,1,resistant,1,CASIERRA_Doorstop_rhabR,7044
Doorstop,CASIERRA,8151,3,susceptible,1,CASIERRA_Doorstop_rhabS,7044
Doorstop,CASIERRA,3593,1,resistant,1,CASIERRA_Doorstop_rhabR,7047
Doorstop,CASIERRA,8233,3,susceptible,1,CASIERRA_Doorstop_rhabS,7047
