Site_name,REGION,TAG,FAMILY,index,pool_type,pool_name,priority
Jammer,ORCASL,5216,1039,7.1,intolerant,ORCASL_Jammer_I,1
Jammer,ORCASL,1091,3028,7.6,intolerant,ORCASL_Jammer_I,2
Jammer,ORCASL,757,1198,9,intolerant,ORCASL_Jammer_I,3
Jammer,ORCASL,1149,3029,9.8,intolerant,ORCASL_Jammer_I,4
Jammer,ORCASL,5058,1027,9.8,intolerant,ORCASL_Jammer_I,5
Jammer,ORCASL,189,1038,9.3,intolerant,ORCASL_Jammer_I,6
Jammer,ORCASL,4858,1039,9.6,intolerant,ORCASL_Jammer_I,7
Jammer,ORCASL,6113,3054,10,intolerant,ORCASL_Jammer_I,8
Jammer,ORCASL,67,1027,10,intolerant,ORCASL_Jammer_I,9
Jammer,ORCASL,5726,1198,10,intolerant,ORCASL_Jammer_I,10
Jammer,ORCASH,899,1224,3.8,intolerant,ORCASH_Jammer_I,1
Jammer,ORCASH,1948,4053,7.4,intolerant,ORCASH_Jammer_I,2
Jammer,ORCASH,1900,4052,7.2,intolerant,ORCASH_Jammer_I,3
Jammer,ORCASH,5138,1030,10,intolerant,ORCASH_Jammer_I,4
Jammer,ORCASH,939,2028,9.5,intolerant,ORCASH_Jammer_I,5
Jammer,ORCASH,5908,3013,9.8,intolerant,ORCASH_Jammer_I,6
Jammer,ORCASH,81,1029,9.9,intolerant,ORCASH_Jammer_I,7
Jammer,ORCASH,5971,3014,9.8,intolerant,ORCASH_Jammer_I,8
Jammer,ORCASH,6775,4064,9.6,intolerant,ORCASH_Jammer_I,9
Jammer,ORCASH,5809,1223,10,intolerant,ORCASH_Jammer_I,10
Jammer,WACASL,461,1152,2,intolerant,WACASL_Jammer_I,1
Jammer,WACASL,288,1131,7.2,intolerant,WACASL_Jammer_I,2
Jammer,WACASL,9133,8538,8,intolerant,WACASL_Jammer_I,3
Jammer,WACASL,275,1130,6.4,intolerant,WACASL_Jammer_I,4
Jammer,WACASL,4543,8537,7.7,intolerant,WACASL_Jammer_I,5
Jammer,WACASL,9080,8537,7.7,intolerant,WACASL_Jammer_I,6
Jammer,WACASL,6927,5116,8.9,intolerant,WACASL_Jammer_I,7
Jammer,WACASL,311,1131,8.7,intolerant,WACASL_Jammer_I,8
Jammer,WACASL,6881,5115,9.7,intolerant,WACASL_Jammer_I,9
Jammer,WACASL,439,1151,9.8,intolerant,WACASL_Jammer_I,10
Jammer,WACASH,7001,5129,6,intolerant,WACASH_Jammer_I,1
Jammer,WACASH,2339,5202,7,intolerant,WACASH_Jammer_I,2
Jammer,WACASH,6812,5041,7.4,intolerant,WACASH_Jammer_I,3
Jammer,WACASH,2050,5041,7.5,intolerant,WACASH_Jammer_I,4
Jammer,WACASH,5516,1163,7.8,intolerant,WACASH_Jammer_I,5
Jammer,WACASH,5474,1162,7.7,intolerant,WACASH_Jammer_I,6
Jammer,WACASH,5322,1146,8.7,intolerant,WACASH_Jammer_I,7
Jammer,WACASH,5357,1147,7.8,intolerant,WACASH_Jammer_I,8
Jammer,WACASH,2089,5042,9.3,intolerant,WACASH_Jammer_I,9
Jammer,WACASH,7082,5202,9.2,intolerant,WACASH_Jammer_I,10
Jammer,ORSISH,2440,6005,3.8,intolerant,ORSISH_Jammer_I,1
Jammer,ORSISH,2377,6004,4.1,intolerant,ORSISH_Jammer_I,2
Jammer,ORSISH,1840,3296,6.7,intolerant,ORSISH_Jammer_I,3
Jammer,ORSISH,1644,3134,6,intolerant,ORSISH_Jammer_I,4
Jammer,ORSISH,7175,6005,6,intolerant,ORSISH_Jammer_I,5
Jammer,ORSISH,1641,3134,6.6,intolerant,ORSISH_Jammer_I,6
Jammer,ORSISH,705,1170,8.8,intolerant,ORSISH_Jammer_I,7
Jammer,ORSISH,5628,1167,6.2,intolerant,ORSISH_Jammer_I,8
Jammer,ORSISH,2397,6004,6.9,intolerant,ORSISH_Jammer_I,9
Jammer,ORSISH,740,1171,9.2,intolerant,ORSISH_Jammer_I,10
Jammer,ORSISL,1884,3306,5,intolerant,ORSISL_Jammer_I,1
Jammer,ORSISL,1456,3094,7.6,intolerant,ORSISL_Jammer_I,2
Jammer,ORSISL,6313,3094,8.4,intolerant,ORSISL_Jammer_I,3
Jammer,ORSISL,6613,3285,7.7,intolerant,ORSISL_Jammer_I,4
Jammer,ORSISL,1291,3076,9.3,intolerant,ORSISL_Jammer_I,5
Jammer,ORSISL,1503,3094,8.8,intolerant,ORSISL_Jammer_I,6
Jammer,ORSISL,1332,3077,9,intolerant,ORSISL_Jammer_I,7
Jammer,ORSISL,6346,3095,9.5,intolerant,ORSISL_Jammer_I,8
Jammer,ORSISL,6661,3306,7,intolerant,ORSISL_Jammer_I,9
Jammer,ORSISL,6309,3094,9.4,intolerant,ORSISL_Jammer_I,10
Jammer,ORCSTN,1698,3148,6.2,intolerant,ORCSTN_Jammer_I,1
Jammer,ORCSTN,6432,3147,7,intolerant,ORCSTN_Jammer_I,2
Jammer,ORCSTN,8909,8045,7.5,intolerant,ORCSTN_Jammer_I,3
Jammer,ORCSTN,4413,8525,7.7,intolerant,ORCSTN_Jammer_I,4
Jammer,ORCSTN,2584,6021,8.9,intolerant,ORCSTN_Jammer_I,5
Jammer,ORCSTN,7243,6019,9.4,intolerant,ORCSTN_Jammer_I,6
Jammer,ORCSTN,4353,8046,9.9,intolerant,ORCSTN_Jammer_I,7
Jammer,ORCSTN,7209,6016,9.8,intolerant,ORCSTN_Jammer_I,8
Jammer,ORCSTN,1700,3148,9.5,intolerant,ORCSTN_Jammer_I,9
Jammer,ORCSTN,7264,6019,10,intolerant,ORCSTN_Jammer_I,10
Jammer,ORCSTS,7379,6048,5.8,intolerant,ORCSTS_Jammer_I,1
Jammer,ORCSTS,9050,8528,6.9,intolerant,ORCSTS_Jammer_I,2
Jammer,ORCSTS,7387,6050,7.7,intolerant,ORCSTS_Jammer_I,3
Jammer,ORCSTS,4501,8528,8,intolerant,ORCSTS_Jammer_I,4
Jammer,ORCSTS,2668,6048,9.1,intolerant,ORCSTS_Jammer_I,5
Jammer,ORCSTS,9310,8551,9.7,intolerant,ORCSTS_Jammer_I,6
Jammer,ORCSTS,6510,3180,9.7,intolerant,ORCSTS_Jammer_I,7
Jammer,ORCSTS,9367,8552,9.8,intolerant,ORCSTS_Jammer_I,8
Jammer,ORCSTS,6522,3180,9.8,intolerant,ORCSTS_Jammer_I,9
Jammer,ORCSTS,2651,6048,9.6,intolerant,ORCSTS_Jammer_I,10
Jammer,CAKLA,3116,7035,3.8,intolerant,CAKLA_Jammer_I,1
Jammer,CAKLA,7789,7035,3.8,intolerant,CAKLA_Jammer_I,2
Jammer,CAKLA,7594,7007,4.8,intolerant,CAKLA_Jammer_I,3
Jammer,CAKLA,3174,7037,7.2,intolerant,CAKLA_Jammer_I,4
Jammer,CAKLA,7685,7009,7.1,intolerant,CAKLA_Jammer_I,5
Jammer,CAKLA,7851,7036,7.3,intolerant,CAKLA_Jammer_I,6
Jammer,CAKLA,7888,7037,7.5,intolerant,CAKLA_Jammer_I,7
Jammer,CAKLA,3045,7010,4.6,intolerant,CAKLA_Jammer_I,8
Jammer,CAKLA,2926,7007,6.3,intolerant,CAKLA_Jammer_I,9
Jammer,CAKLA,2862,7005,9.3,intolerant,CAKLA_Jammer_I,10
Jammer,WACST,9185,8541,7.6,intolerant,WACST_Jammer_I,1
Jammer,WACST,8828,8027,9.6,intolerant,WACST_Jammer_I,2
Jammer,WACST,4199,8026,9.6,intolerant,WACST_Jammer_I,3
Jammer,WACST,3697,7205,10,intolerant,WACST_Jammer_I,4
Jammer,WACST,8745,8025,9.2,intolerant,WACST_Jammer_I,5
Jammer,WACST,4666,8542,9.9,intolerant,WACST_Jammer_I,6
Jammer,WACST,8816,8027,9.7,intolerant,WACST_Jammer_I,7
Jammer,WACST,8856,8028,9.7,intolerant,WACST_Jammer_I,8
Jammer,WACST,8331,7202,9.8,intolerant,WACST_Jammer_I,9
Jammer,WACST,3727,7206,10.3,intolerant,WACST_Jammer_I,10
Jammer,CACST,8645,7810,4.7,intolerant,CACST_Jammer_I,1
Jammer,CACST,8588,7809,4.8,intolerant,CACST_Jammer_I,2
Jammer,CACST,3977,7809,7,intolerant,CACST_Jammer_I,3
Jammer,CACST,8713,7817,7.4,intolerant,CACST_Jammer_I,4
Jammer,CACST,8467,7802,7.5,intolerant,CACST_Jammer_I,5
Jammer,CACST,8692,7817,8.5,intolerant,CACST_Jammer_I,6
Jammer,CACST,8660,7811,9.5,intolerant,CACST_Jammer_I,7
Jammer,CACST,8560,7808,9.1,intolerant,CACST_Jammer_I,8
Jammer,CACST,8537,7807,6.3,intolerant,CACST_Jammer_I,9
Jammer,CACST,8431,7801,10.9,intolerant,CACST_Jammer_I,10
Doorstop,ORCASL,832,1199,7.6,intolerant,ORCASL_Doorstop_I,1
Doorstop,ORCASL,6043,3029,7.8,intolerant,ORCASL_Doorstop_I,2
Doorstop,ORCASL,1143,3029,7.9,intolerant,ORCASL_Doorstop_I,3
Doorstop,ORCASL,5233,1039,9.2,intolerant,ORCASL_Doorstop_I,4
Doorstop,ORCASL,6059,3053,9.3,intolerant,ORCASL_Doorstop_I,5
Doorstop,ORCASL,73,1027,9.9,intolerant,ORCASL_Doorstop_I,6
Doorstop,ORCASL,5995,3028,9.1,intolerant,ORCASL_Doorstop_I,7
Doorstop,ORCASL,4851,1026,10.1,intolerant,ORCASL_Doorstop_I,8
Doorstop,ORCASL,5733,1198,10,intolerant,ORCASL_Doorstop_I,9
Doorstop,ORCASL,5039,1026,10.1,intolerant,ORCASL_Doorstop_I,10
Doorstop,ORCASH,97,1029,6.6,intolerant,ORCASH_Doorstop_I,1
Doorstop,ORCASH,5882,2028,7.6,intolerant,ORCASH_Doorstop_I,2
Doorstop,ORCASH,5910,3013,8,intolerant,ORCASH_Doorstop_I,3
Doorstop,ORCASH,6696,4052,7.2,intolerant,ORCASH_Doorstop_I,4
Doorstop,ORCASH,6763,4064,7.9,intolerant,ORCASH_Doorstop_I,5
Doorstop,ORCASH,5853,1224,7.2,intolerant,ORCASH_Doorstop_I,6
Doorstop,ORCASH,1080,3014,6.8,intolerant,ORCASH_Doorstop_I,7
Doorstop,ORCASH,5964,3014,7,intolerant,ORCASH_Doorstop_I,8
Doorstop,ORCASH,5807,1223,9.8,intolerant,ORCASH_Doorstop_I,9
Doorstop,ORCASH,5151,1030,9.6,intolerant,ORCASH_Doorstop_I,10
Doorstop,WACASL,9078,8537,7.2,intolerant,WACASL_Doorstop_I,1
Doorstop,WACASL,2130,5115,6.8,intolerant,WACASL_Doorstop_I,2
Doorstop,WACASL,2155,5116,7.4,intolerant,WACASL_Doorstop_I,3
Doorstop,WACASL,5307,1131,7.6,intolerant,WACASL_Doorstop_I,4
Doorstop,WACASL,4575,8538,7.7,intolerant,WACASL_Doorstop_I,5
Doorstop,WACASL,5271,1130,7.6,intolerant,WACASL_Doorstop_I,6
Doorstop,WACASL,5413,1151,7.5,intolerant,WACASL_Doorstop_I,7
Doorstop,WACASL,5412,1151,8,intolerant,WACASL_Doorstop_I,8
Doorstop,WACASL,4533,8537,9.4,intolerant,WACASL_Doorstop_I,9
Doorstop,WACASL,4698,8547,9.5,intolerant,WACASL_Doorstop_I,10
Doorstop,WACASH,2031,5041,7.8,intolerant,WACASH_Doorstop_I,1
Doorstop,WACASH,5380,1147,8,intolerant,WACASH_Doorstop_I,2
Doorstop,WACASH,364,1146,8,intolerant,WACASH_Doorstop_I,3
Doorstop,WACASH,2205,5122,9.5,intolerant,WACASH_Doorstop_I,4
Doorstop,WACASH,2082,5042,10,intolerant,WACASH_Doorstop_I,5
Doorstop,WACASH,2103,5042,10,intolerant,WACASH_Doorstop_I,6
Doorstop,WACASH,2069,5042,10.1,intolerant,WACASH_Doorstop_I,7
Doorstop,WACASH,2342,5202,10.1,intolerant,WACASH_Doorstop_I,8
Doorstop,WACASH,7021,5129,7.3,intolerant,WACASH_Doorstop_I,9
Doorstop,WACASH,7030,5130,10.6,intolerant,WACASH_Doorstop_I,10
Doorstop,ORSISH,2361,6004,3.9,intolerant,ORSISH_Doorstop_I,1
Doorstop,ORSISH,5641,1170,7.2,intolerant,ORSISH_Doorstop_I,2
Doorstop,ORSISH,733,1171,7.6,intolerant,ORSISH_Doorstop_I,3
Doorstop,ORSISH,5590,1166,7.1,intolerant,ORSISH_Doorstop_I,4
Doorstop,ORSISH,5688,1171,7.7,intolerant,ORSISH_Doorstop_I,5
Doorstop,ORSISH,5604,1167,7.3,intolerant,ORSISH_Doorstop_I,6
Doorstop,ORSISH,1592,3133,10.1,intolerant,ORSISH_Doorstop_I,7
Doorstop,ORSISH,7183,6005,6.3,intolerant,ORSISH_Doorstop_I,8
Doorstop,ORSISH,642,1167,8,intolerant,ORSISH_Doorstop_I,9
Doorstop,ORSISH,670,1170,10,intolerant,ORSISH_Doorstop_I,10
Doorstop,ORSISL,6274,3094,7.1,intolerant,ORSISL_Doorstop_I,1
Doorstop,ORSISL,1414,3083,6.5,intolerant,ORSISL_Doorstop_I,2
Doorstop,ORSISL,1382,3082,8.3,intolerant,ORSISL_Doorstop_I,3
Doorstop,ORSISL,6137,3076,7.6,intolerant,ORSISL_Doorstop_I,4
Doorstop,ORSISL,6180,3077,7.4,intolerant,ORSISL_Doorstop_I,5
Doorstop,ORSISL,6665,3306,6.2,intolerant,ORSISL_Doorstop_I,6
Doorstop,ORSISL,1385,3082,8.9,intolerant,ORSISL_Doorstop_I,7
Doorstop,ORSISL,1445,3083,10.2,intolerant,ORSISL_Doorstop_I,8
Doorstop,ORSISL,6208,3082,9.9,intolerant,ORSISL_Doorstop_I,9
Doorstop,ORCSTN,2545,6020,3.1,intolerant,ORCSTN_Doorstop_I,1
Doorstop,ORCSTN,4318,8045,4.1,intolerant,ORCSTN_Doorstop_I,2
Doorstop,ORCSTN,4341,8046,7.4,intolerant,ORCSTN_Doorstop_I,3
Doorstop,ORCSTN,7339,6021,7.1,intolerant,ORCSTN_Doorstop_I,4
Doorstop,ORCSTN,1713,3148,9.2,intolerant,ORCSTN_Doorstop_I,5
Doorstop,ORCSTN,1664,3147,7.5,intolerant,ORCSTN_Doorstop_I,6
Doorstop,ORCSTN,7254,6019,9.9,intolerant,ORCSTN_Doorstop_I,7
Doorstop,ORCSTN,4387,8524,9.8,intolerant,ORCSTN_Doorstop_I,8
Doorstop,ORCSTN,4452,8525,10.1,intolerant,ORCSTN_Doorstop_I,9
Doorstop,ORCSTN,2564,6020,9.8,intolerant,ORCSTN_Doorstop_I,10
Doorstop,ORCSTS,7376,6048,3.7,intolerant,ORCSTS_Doorstop_I,1
Doorstop,ORCSTS,1741,3180,4.9,intolerant,ORCSTS_Doorstop_I,2
Doorstop,ORCSTS,4497,8528,4.3,intolerant,ORCSTS_Doorstop_I,3
Doorstop,ORCSTS,2808,6059,6.3,intolerant,ORCSTS_Doorstop_I,4
Doorstop,ORCSTS,2677,6050,6.6,intolerant,ORCSTS_Doorstop_I,5
Doorstop,ORCSTS,4800,8551,7.7,intolerant,ORCSTS_Doorstop_I,6
Doorstop,ORCSTS,4830,8552,8.2,intolerant,ORCSTS_Doorstop_I,7
Doorstop,ORCSTS,6543,3180,7.6,intolerant,ORCSTS_Doorstop_I,8
Doorstop,ORCSTS,2704,6050,9,intolerant,ORCSTS_Doorstop_I,9
Doorstop,ORCSTS,2743,6058,9.2,intolerant,ORCSTS_Doorstop_I,10
Doorstop,CAKLA,2876,7005,3.4,intolerant,CAKLA_Doorstop_I,1
Doorstop,CAKLA,7699,7009,7.4,intolerant,CAKLA_Doorstop_I,2
Doorstop,CAKLA,7748,7034,7,intolerant,CAKLA_Doorstop_I,3
Doorstop,CAKLA,7792,7035,7.8,intolerant,CAKLA_Doorstop_I,4
Doorstop,CAKLA,3162,7036,10,intolerant,CAKLA_Doorstop_I,5
Doorstop,CAKLA,7698,7009,7.6,intolerant,CAKLA_Doorstop_I,6
Doorstop,CAKLA,3083,7034,7.3,intolerant,CAKLA_Doorstop_I,7
Doorstop,WACST,8377,7205,7.4,intolerant,WACST_Doorstop_I,1
Doorstop,WACST,4614,8541,7.8,intolerant,WACST_Doorstop_I,2
Doorstop,WACST,8289,7201,7,intolerant,WACST_Doorstop_I,3
Doorstop,WACST,4266,8028,7.9,intolerant,WACST_Doorstop_I,4
Doorstop,WACST,8382,7206,8.7,intolerant,WACST_Doorstop_I,5
Doorstop,WACST,8794,8026,9.5,intolerant,WACST_Doorstop_I,6
Doorstop,WACST,8827,8027,9.7,intolerant,WACST_Doorstop_I,7
Doorstop,WACST,8798,8026,9.9,intolerant,WACST_Doorstop_I,8
Doorstop,WACST,4619,8541,9.6,intolerant,WACST_Doorstop_I,9
Doorstop,WACST,4225,8027,9.8,intolerant,WACST_Doorstop_I,10
Doorstop,CACST,3914,7808,3.4,intolerant,CACST_Doorstop_I,1
Doorstop,CACST,8708,7817,3.3,intolerant,CACST_Doorstop_I,2
Doorstop,CACST,3817,7802,3.1,intolerant,CACST_Doorstop_I,3
Doorstop,CACST,8553,7808,3.4,intolerant,CACST_Doorstop_I,4
Doorstop,CACST,8687,7817,4.2,intolerant,CACST_Doorstop_I,5
Doorstop,CACST,3975,7809,3.3,intolerant,CACST_Doorstop_I,6
Doorstop,CACST,3851,7806,3.1,intolerant,CACST_Doorstop_I,7
Doorstop,CACST,8495,7806,3.6,intolerant,CACST_Doorstop_I,8
Doorstop,CACST,3948,7808,3.8,intolerant,CACST_Doorstop_I,9
Doorstop,CACST,3905,7807,3.9,intolerant,CACST_Doorstop_I,10
Buckhorn,ORCASL,225,1039,9.4,intolerant,ORCASL_Buckhorn_I,1
Buckhorn,ORCASL,56,1027,9.1,intolerant,ORCASL_Buckhorn_I,2
Buckhorn,ORCASL,1111,3028,9.4,intolerant,ORCASL_Buckhorn_I,3
Buckhorn,ORCASL,1219,3054,9.3,intolerant,ORCASL_Buckhorn_I,4
Buckhorn,ORCASL,760,1198,9.6,intolerant,ORCASL_Buckhorn_I,5
Buckhorn,ORCASL,168,1038,9.5,intolerant,ORCASL_Buckhorn_I,6
Buckhorn,ORCASL,5752,1199,10.2,intolerant,ORCASL_Buckhorn_I,7
Buckhorn,ORCASL,6073,3053,10,intolerant,ORCASL_Buckhorn_I,8
Buckhorn,ORCASL,1222,3054,9.6,intolerant,ORCASL_Buckhorn_I,9
Buckhorn,ORCASL,63,1027,10,intolerant,ORCASL_Buckhorn_I,10
Buckhorn,ORCASH,6735,4053,7.1,intolerant,ORCASH_Buckhorn_I,1
Buckhorn,ORCASH,5096,1029,9.2,intolerant,ORCASH_Buckhorn_I,2
Buckhorn,ORCASH,5963,3014,9,intolerant,ORCASH_Buckhorn_I,3
Buckhorn,ORCASH,5800,1223,9.2,intolerant,ORCASH_Buckhorn_I,4
Buckhorn,ORCASH,89,1029,9.4,intolerant,ORCASH_Buckhorn_I,5
Buckhorn,ORCASH,6782,4064,9.3,intolerant,ORCASH_Buckhorn_I,6
Buckhorn,ORCASH,6742,4053,9.1,intolerant,ORCASH_Buckhorn_I,7
Buckhorn,ORCASH,1060,3014,9.8,intolerant,ORCASH_Buckhorn_I,8
Buckhorn,ORCASH,865,1223,10.2,intolerant,ORCASH_Buckhorn_I,9
Buckhorn,ORCASH,5125,1030,10,intolerant,ORCASH_Buckhorn_I,10
Buckhorn,WACASL,289,1131,7,intolerant,WACASL_Buckhorn_I,1
Buckhorn,WACASL,5280,1131,7.6,intolerant,WACASL_Buckhorn_I,2
Buckhorn,WACASL,4545,8537,9.1,intolerant,WACASL_Buckhorn_I,3
Buckhorn,WACASL,9119,8538,9.6,intolerant,WACASL_Buckhorn_I,4
Buckhorn,WACASL,9257,8547,9.2,intolerant,WACASL_Buckhorn_I,5
Buckhorn,WACASL,6882,5115,9.3,intolerant,WACASL_Buckhorn_I,6
Buckhorn,WACASL,6947,5116,9.4,intolerant,WACASL_Buckhorn_I,7
Buckhorn,WACASL,436,1151,9.9,intolerant,WACASL_Buckhorn_I,8
Buckhorn,WACASL,4732,8548,9.4,intolerant,WACASL_Buckhorn_I,9
Buckhorn,WACASL,9302,8548,9.5,intolerant,WACASL_Buckhorn_I,10
Buckhorn,WACASH,7064,5130,6.2,intolerant,WACASH_Buckhorn_I,1
Buckhorn,WACASH,523,1162,7,intolerant,WACASH_Buckhorn_I,2
Buckhorn,WACASH,7045,5130,7,intolerant,WACASH_Buckhorn_I,3
Buckhorn,WACASH,555,1163,7.7,intolerant,WACASH_Buckhorn_I,4
Buckhorn,WACASH,5330,1146,9.5,intolerant,WACASH_Buckhorn_I,5
Buckhorn,WACASH,5355,1147,9.4,intolerant,WACASH_Buckhorn_I,6
Buckhorn,WACASH,2060,5042,9.9,intolerant,WACASH_Buckhorn_I,7
Buckhorn,WACASH,363,1146,10,intolerant,WACASH_Buckhorn_I,8
Buckhorn,WACASH,2208,5122,9.5,intolerant,WACASH_Buckhorn_I,9
Buckhorn,WACASH,7092,5202,9.4,intolerant,WACASH_Buckhorn_I,10
Buckhorn,ORSISH,1568,3133,6.9,intolerant,ORSISH_Buckhorn_I,1
Buckhorn,ORSISH,637,1167,9,intolerant,ORSISH_Buckhorn_I,2
Buckhorn,ORSISH,1623,3134,9.3,intolerant,ORSISH_Buckhorn_I,3
Buckhorn,ORSISH,714,1171,9.2,intolerant,ORSISH_Buckhorn_I,4
Buckhorn,ORSISH,5691,1171,9.2,intolerant,ORSISH_Buckhorn_I,5
Buckhorn,ORSISH,5636,1170,10.5,intolerant,ORSISH_Buckhorn_I,6
Buckhorn,ORSISH,2393,6004,9.4,intolerant,ORSISH_Buckhorn_I,7
Buckhorn,ORSISH,5705,1171,9.3,intolerant,ORSISH_Buckhorn_I,8
Buckhorn,ORSISH,6635,3297,9.4,intolerant,ORSISH_Buckhorn_I,9
Buckhorn,ORSISL,1470,3094,7,intolerant,ORSISL_Buckhorn_I,1
Buckhorn,ORSISL,6157,3076,7.5,intolerant,ORSISL_Buckhorn_I,2
Buckhorn,ORSISL,1396,3082,9.6,intolerant,ORSISL_Buckhorn_I,3
Buckhorn,ORSISL,1528,3095,9.1,intolerant,ORSISL_Buckhorn_I,4
Buckhorn,ORSISL,1554,3095,9.3,intolerant,ORSISL_Buckhorn_I,5
Buckhorn,ORSISL,6644,3306,9,intolerant,ORSISL_Buckhorn_I,6
Buckhorn,ORSISL,1413,3083,9.5,intolerant,ORSISL_Buckhorn_I,7
Buckhorn,ORSISL,1393,3082,10,intolerant,ORSISL_Buckhorn_I,8
Buckhorn,ORSISL,6175,3077,9.3,intolerant,ORSISL_Buckhorn_I,9
Buckhorn,ORSISL,1835,3285,9.2,intolerant,ORSISL_Buckhorn_I,10
Buckhorn,ORCSTN,7256,6019,9.2,intolerant,ORCSTN_Buckhorn_I,1
Buckhorn,ORCSTN,2576,6021,9.6,intolerant,ORCSTN_Buckhorn_I,2
Buckhorn,ORCSTN,7199,6016,9.5,intolerant,ORCSTN_Buckhorn_I,3
Buckhorn,ORCSTN,4352,8046,9.6,intolerant,ORCSTN_Buckhorn_I,4
Buckhorn,ORCSTN,1669,3147,9.4,intolerant,ORCSTN_Buckhorn_I,5
Buckhorn,ORCSTN,8967,8524,9.8,intolerant,ORCSTN_Buckhorn_I,6
Buckhorn,ORCSTN,7206,6016,10.1,intolerant,ORCSTN_Buckhorn_I,7
Buckhorn,ORCSTN,7249,6019,9.7,intolerant,ORCSTN_Buckhorn_I,8
Buckhorn,ORCSTN,4312,8045,10.1,intolerant,ORCSTN_Buckhorn_I,9
Buckhorn,ORCSTN,9004,8525,10.4,intolerant,ORCSTN_Buckhorn_I,10
Buckhorn,ORCSTS,2720,6058,9.2,intolerant,ORCSTS_Buckhorn_I,1
Buckhorn,ORCSTS,2648,6048,9.2,intolerant,ORCSTS_Buckhorn_I,2
Buckhorn,ORCSTS,9376,8552,9.6,intolerant,ORCSTS_Buckhorn_I,3
Buckhorn,ORCSTS,7430,6058,9.2,intolerant,ORCSTS_Buckhorn_I,4
Buckhorn,ORCSTS,4794,8551,9.4,intolerant,ORCSTS_Buckhorn_I,5
Buckhorn,ORCSTS,2702,6050,9.3,intolerant,ORCSTS_Buckhorn_I,6
Buckhorn,ORCSTS,7460,6058,9.8,intolerant,ORCSTS_Buckhorn_I,7
Buckhorn,ORCSTS,4804,8551,9.8,intolerant,ORCSTS_Buckhorn_I,8
Buckhorn,ORCSTS,4485,8528,9.9,intolerant,ORCSTS_Buckhorn_I,9
Buckhorn,ORCSTS,2623,6048,10.3,intolerant,ORCSTS_Buckhorn_I,10
Buckhorn,CAKLA,7580,7005,7,intolerant,CAKLA_Buckhorn_I,1
Buckhorn,CAKLA,7505,7004,7.3,intolerant,CAKLA_Buckhorn_I,2
Buckhorn,CAKLA,7709,7010,8.7,intolerant,CAKLA_Buckhorn_I,3
Buckhorn,CAKLA,3052,7034,9.2,intolerant,CAKLA_Buckhorn_I,4
Buckhorn,CAKLA,3154,7036,10.2,intolerant,CAKLA_Buckhorn_I,5
Buckhorn,CAKLA,3096,7035,9.3,intolerant,CAKLA_Buckhorn_I,6
Buckhorn,CAKLA,7834,7036,10.8,intolerant,CAKLA_Buckhorn_I,7
Buckhorn,WACST,9201,8542,9.6,intolerant,WACST_Buckhorn_I,1
Buckhorn,WACST,4145,8025,7,intolerant,WACST_Buckhorn_I,2
Buckhorn,WACST,8775,8026,9.8,intolerant,WACST_Buckhorn_I,3
Buckhorn,WACST,4259,8028,9.6,intolerant,WACST_Buckhorn_I,4
Buckhorn,WACST,4636,8541,9.9,intolerant,WACST_Buckhorn_I,5
Buckhorn,WACST,8346,7205,10.1,intolerant,WACST_Buckhorn_I,6
Buckhorn,WACST,4217,8027,10.1,intolerant,WACST_Buckhorn_I,7
Buckhorn,WACST,8318,7202,10,intolerant,WACST_Buckhorn_I,8
Buckhorn,WACST,8414,7206,10.7,intolerant,WACST_Buckhorn_I,9
Buckhorn,WACST,8366,7205,10.7,intolerant,WACST_Buckhorn_I,10
Buckhorn,CACST,8665,7811,6.9,intolerant,CACST_Buckhorn_I,1
Buckhorn,CACST,3941,7808,7,intolerant,CACST_Buckhorn_I,2
Buckhorn,CACST,3824,7802,9.1,intolerant,CACST_Buckhorn_I,3
Buckhorn,CACST,8475,7802,9.1,intolerant,CACST_Buckhorn_I,4
Buckhorn,CACST,8513,7806,9.4,intolerant,CACST_Buckhorn_I,5
Buckhorn,CACST,4085,7817,9.5,intolerant,CACST_Buckhorn_I,6
Buckhorn,CACST,3784,7801,9.4,intolerant,CACST_Buckhorn_I,7
Buckhorn,CACST,3899,7807,9.1,intolerant,CACST_Buckhorn_I,8
Buckhorn,CACST,8617,7809,9.8,intolerant,CACST_Buckhorn_I,9
Buckhorn,CACST,8563,7808,9.7,intolerant,CACST_Buckhorn_I,10
Sodas,ORCASL,5012,1026,9.2,intolerant,ORCASL_Sodas_I,1
Sodas,ORCASL,5175,1038,10.3,intolerant,ORCASL_Sodas_I,2
Sodas,ORCASL,5980,3028,10.4,intolerant,ORCASL_Sodas_I,3
Sodas,ORCASL,5751,1199,10.5,intolerant,ORCASL_Sodas_I,4
Sodas,ORCASL,1233,3054,10.4,intolerant,ORCASL_Sodas_I,5
Sodas,ORCASL,5048,1027,10.8,intolerant,ORCASL_Sodas_I,6
Sodas,ORCASL,6077,3053,10.8,intolerant,ORCASL_Sodas_I,7
Sodas,ORCASL,5998,3028,10.7,intolerant,ORCASL_Sodas_I,8
Sodas,ORCASL,1202,3053,11,intolerant,ORCASL_Sodas_I,9
Sodas,ORCASL,52,1027,11,intolerant,ORCASL_Sodas_I,10
Sodas,ORCASH,5968,3014,8.6,intolerant,ORCASH_Sodas_I,1
Sodas,ORCASH,5871,2028,7.7,intolerant,ORCASH_Sodas_I,2
Sodas,ORCASH,6758,4064,7.3,intolerant,ORCASH_Sodas_I,3
Sodas,ORCASH,915,1224,8.7,intolerant,ORCASH_Sodas_I,4
Sodas,ORCASH,842,1223,9.9,intolerant,ORCASH_Sodas_I,5
Sodas,ORCASH,121,1030,10,intolerant,ORCASH_Sodas_I,6
Sodas,ORCASH,1055,3014,10,intolerant,ORCASH_Sodas_I,7
Sodas,ORCASH,6723,4053,10.4,intolerant,ORCASH_Sodas_I,8
Sodas,ORCASH,91,1029,10.7,intolerant,ORCASH_Sodas_I,9
Sodas,ORCASH,6744,4053,10.4,intolerant,ORCASH_Sodas_I,10
Sodas,WACASL,5430,1151,5.3,intolerant,WACASL_Sodas_I,1
Sodas,WACASL,5241,1130,8,intolerant,WACASL_Sodas_I,2
Sodas,WACASL,9292,8548,8.4,intolerant,WACASL_Sodas_I,3
Sodas,WACASL,5433,1152,9,intolerant,WACASL_Sodas_I,4
Sodas,WACASL,2126,5115,10.2,intolerant,WACASL_Sodas_I,5
Sodas,WACASL,9149,8538,10.2,intolerant,WACASL_Sodas_I,6
Sodas,WACASL,5401,1151,10.4,intolerant,WACASL_Sodas_I,7
Sodas,WACASL,9091,8537,10.7,intolerant,WACASL_Sodas_I,8
Sodas,WACASL,317,1131,10.8,intolerant,WACASL_Sodas_I,9
Sodas,WACASL,9088,8537,11,intolerant,WACASL_Sodas_I,10
Sodas,WACASH,6824,5041,4,intolerant,WACASH_Sodas_I,1
Sodas,WACASH,2329,5202,6,intolerant,WACASH_Sodas_I,2
Sodas,WACASH,373,1147,7.3,intolerant,WACASH_Sodas_I,3
Sodas,WACASH,5495,1162,7.5,intolerant,WACASH_Sodas_I,4
Sodas,WACASH,2018,5041,7.6,intolerant,WACASH_Sodas_I,5
Sodas,WACASH,2293,5130,7.7,intolerant,WACASH_Sodas_I,6
Sodas,WACASH,2304,5130,8.7,intolerant,WACASH_Sodas_I,7
Sodas,WACASH,2043,5041,7.7,intolerant,WACASH_Sodas_I,8
Sodas,WACASH,514,1162,7.8,intolerant,WACASH_Sodas_I,9
Sodas,WACASH,2257,5129,9.9,intolerant,WACASH_Sodas_I,10
Sodas,ORSISH,607,1166,6.3,intolerant,ORSISH_Sodas_I,1
Sodas,ORSISH,7144,6004,6.1,intolerant,ORSISH_Sodas_I,2
Sodas,ORSISH,1608,3134,7.8,intolerant,ORSISH_Sodas_I,3
Sodas,ORSISH,5665,1170,9.8,intolerant,ORSISH_Sodas_I,4
Sodas,ORSISH,591,1166,7.2,intolerant,ORSISH_Sodas_I,5
Sodas,ORSISH,5682,1171,9.7,intolerant,ORSISH_Sodas_I,6
Sodas,ORSISH,634,1167,9.8,intolerant,ORSISH_Sodas_I,7
Sodas,ORSISH,6405,3134,10.2,intolerant,ORSISH_Sodas_I,8
Sodas,ORSISH,708,1171,10.5,intolerant,ORSISH_Sodas_I,9
Sodas,ORSISH,7181,6005,10.4,intolerant,ORSISH_Sodas_I,10
Sodas,ORSISL,1531,3095,8.2,intolerant,ORSISL_Sodas_I,1
Sodas,ORSISL,1397,3082,9,intolerant,ORSISL_Sodas_I,2
Sodas,ORSISL,6209,3082,10,intolerant,ORSISL_Sodas_I,3
Sodas,ORSISL,1504,3094,9.8,intolerant,ORSISL_Sodas_I,4
Sodas,ORSISL,1325,3077,9.8,intolerant,ORSISL_Sodas_I,5
Sodas,ORSISL,6188,3077,9.9,intolerant,ORSISL_Sodas_I,6
Sodas,ORSISL,6154,3076,10.7,intolerant,ORSISL_Sodas_I,7
Sodas,ORSISL,6311,3094,9.8,intolerant,ORSISL_Sodas_I,8
Sodas,ORSISL,1882,3306,10.8,intolerant,ORSISL_Sodas_I,9
Sodas,ORSISL,1357,3082,10.4,intolerant,ORSISL_Sodas_I,10
Sodas,ORCSTN,6439,3147,6.6,intolerant,ORCSTN_Sodas_I,1
Sodas,ORCSTN,1656,3147,7.4,intolerant,ORCSTN_Sodas_I,2
Sodas,ORCSTN,9021,8525,8.9,intolerant,ORCSTN_Sodas_I,3
Sodas,ORCSTN,8914,8045,10.3,intolerant,ORCSTN_Sodas_I,4
Sodas,ORCSTN,7318,6021,10.4,intolerant,ORCSTN_Sodas_I,5
Sodas,ORCSTN,6508,3148,10.5,intolerant,ORCSTN_Sodas_I,6
Sodas,ORCSTN,7280,6020,10.6,intolerant,ORCSTN_Sodas_I,7
Sodas,ORCSTN,8944,8046,10.6,intolerant,ORCSTN_Sodas_I,8
Sodas,ORCSTN,4379,8524,10.7,intolerant,ORCSTN_Sodas_I,9
Sodas,ORCSTN,9019,8525,10.7,intolerant,ORCSTN_Sodas_I,10
Sodas,ORCSTS,7378,6048,3.8,intolerant,ORCSTS_Sodas_I,1
Sodas,ORCSTS,7426,6058,6.4,intolerant,ORCSTS_Sodas_I,2
Sodas,ORCSTS,2641,6048,6.6,intolerant,ORCSTS_Sodas_I,3
Sodas,ORCSTS,4772,8551,7.5,intolerant,ORCSTS_Sodas_I,4
Sodas,ORCSTS,2742,6058,9.7,intolerant,ORCSTS_Sodas_I,5
Sodas,ORCSTS,4488,8528,9.9,intolerant,ORCSTS_Sodas_I,6
Sodas,ORCSTS,2778,6059,10.4,intolerant,ORCSTS_Sodas_I,7
Sodas,ORCSTS,7398,6050,10.5,intolerant,ORCSTS_Sodas_I,8
Sodas,ORCSTS,6564,3209,10.8,intolerant,ORCSTS_Sodas_I,9
Sodas,ORCSTS,7417,6050,11,intolerant,ORCSTS_Sodas_I,10
Sodas,CAKLA,2995,7009,6.4,intolerant,CAKLA_Sodas_I,1
Sodas,CAKLA,7781,7035,7,intolerant,CAKLA_Sodas_I,2
Sodas,CAKLA,7564,7005,6.8,intolerant,CAKLA_Sodas_I,3
Sodas,CAKLA,7705,7010,7.2,intolerant,CAKLA_Sodas_I,4
Sodas,CAKLA,3029,7010,7.3,intolerant,CAKLA_Sodas_I,5
Sodas,CAKLA,7845,7036,8.5,intolerant,CAKLA_Sodas_I,6
Sodas,CAKLA,2851,7004,7,intolerant,CAKLA_Sodas_I,7
Sodas,CAKLA,3086,7034,7.3,intolerant,CAKLA_Sodas_I,8
Sodas,CAKLA,2841,7004,7.2,intolerant,CAKLA_Sodas_I,9
Sodas,CAKLA,3109,7035,7.1,intolerant,CAKLA_Sodas_I,10
Sodas,WACST,4652,8542,8.7,intolerant,WACST_Sodas_I,1
Sodas,WACST,8285,7201,10,intolerant,WACST_Sodas_I,2
Sodas,WACST,4245,8028,10.6,intolerant,WACST_Sodas_I,3
Sodas,WACST,4673,8542,10.6,intolerant,WACST_Sodas_I,4
Sodas,WACST,8334,7202,10.6,intolerant,WACST_Sodas_I,5
Sodas,WACST,8842,8027,10.7,intolerant,WACST_Sodas_I,6
Sodas,WACST,3762,7206,10.8,intolerant,WACST_Sodas_I,7
Sodas,WACST,4184,8026,10.8,intolerant,WACST_Sodas_I,8
Sodas,WACST,4277,8028,11,intolerant,WACST_Sodas_I,9
Sodas,WACST,4639,8541,11,intolerant,WACST_Sodas_I,10
Sodas,CACST,8576,7808,6.2,intolerant,CACST_Sodas_I,1
Sodas,CACST,8515,7807,3.4,intolerant,CACST_Sodas_I,2
Sodas,CACST,4043,7811,5,intolerant,CACST_Sodas_I,3
Sodas,CACST,3783,7801,7.8,intolerant,CACST_Sodas_I,4
Sodas,CACST,4030,7810,7.7,intolerant,CACST_Sodas_I,5
Sodas,CACST,3919,7808,8,intolerant,CACST_Sodas_I,6
Sodas,CACST,3823,7802,7.4,intolerant,CACST_Sodas_I,7
Sodas,CACST,3766,7801,9.2,intolerant,CACST_Sodas_I,8
Sodas,CACST,8501,7806,7.4,intolerant,CACST_Sodas_I,9
Sodas,CACST,8456,7802,7.8,intolerant,CACST_Sodas_I,10
Nortons,ORCASL,6104,3054,9.9,intolerant,ORCASL_Nortons_I,1
Nortons,ORCASL,5735,1198,10,intolerant,ORCASL_Nortons_I,2
Nortons,ORCASL,1104,3028,10,intolerant,ORCASL_Nortons_I,3
Nortons,ORCASL,1106,3028,10.1,intolerant,ORCASL_Nortons_I,4
Nortons,ORCASL,1183,3053,11,intolerant,ORCASL_Nortons_I,5
Nortons,ORCASL,1249,3054,11,intolerant,ORCASL_Nortons_I,6
Nortons,ORCASL,1139,3029,11.4,intolerant,ORCASL_Nortons_I,7
Nortons,ORCASL,5774,1199,11,intolerant,ORCASL_Nortons_I,8
Nortons,ORCASL,183,1038,10.8,intolerant,ORCASL_Nortons_I,9
Nortons,ORCASH,129,1030,10,intolerant,ORCASH_Nortons_I,1
Nortons,ORCASH,904,1224,9.3,intolerant,ORCASH_Nortons_I,2
Nortons,ORCASH,5915,3013,10,intolerant,ORCASH_Nortons_I,3
Nortons,ORCASH,5821,1223,10,intolerant,ORCASH_Nortons_I,4
Nortons,ORCASH,6683,4052,9.4,intolerant,ORCASH_Nortons_I,5
Nortons,ORCASH,6682,4052,9.7,intolerant,ORCASH_Nortons_I,6
Nortons,ORCASH,2003,4064,9.9,intolerant,ORCASH_Nortons_I,7
Nortons,ORCASH,913,1224,10,intolerant,ORCASH_Nortons_I,8
Nortons,ORCASH,6731,4053,9.5,intolerant,ORCASH_Nortons_I,9
Nortons,ORCASH,112,1029,11.2,intolerant,ORCASH_Nortons_I,10
Nortons,WACASL,5453,1152,10,intolerant,WACASL_Nortons_I,1
Nortons,WACASL,244,1130,10.1,intolerant,WACASL_Nortons_I,2
Nortons,WACASL,5397,1151,10.2,intolerant,WACASL_Nortons_I,3
Nortons,WACASL,9297,8548,10.1,intolerant,WACASL_Nortons_I,4
Nortons,WACASL,2151,5116,10.4,intolerant,WACASL_Nortons_I,5
Nortons,WACASL,295,1131,11,intolerant,WACASL_Nortons_I,6
Nortons,WACASL,4582,8538,11.2,intolerant,WACASL_Nortons_I,7
Nortons,WACASL,268,1130,11,intolerant,WACASL_Nortons_I,8
Nortons,WACASL,9264,8547,11.2,intolerant,WACASL_Nortons_I,9
Nortons,WACASL,314,1131,11,intolerant,WACASL_Nortons_I,10
Nortons,WACASH,552,1163,9.7,intolerant,WACASH_Nortons_I,1
Nortons,WACASH,6804,5041,9.7,intolerant,WACASH_Nortons_I,2
Nortons,WACASH,2323,5202,9.4,intolerant,WACASH_Nortons_I,3
Nortons,WACASH,343,1146,9.9,intolerant,WACASH_Nortons_I,4
Nortons,WACASH,5383,1147,9.8,intolerant,WACASH_Nortons_I,5
Nortons,WACASH,6956,5122,10,intolerant,WACASH_Nortons_I,6
Nortons,WACASH,2260,5129,9.9,intolerant,WACASH_Nortons_I,7
Nortons,WACASH,551,1163,11.1,intolerant,WACASH_Nortons_I,8
Nortons,WACASH,2218,5122,10.5,intolerant,WACASH_Nortons_I,9
Nortons,WACASH,2237,5129,10,intolerant,WACASH_Nortons_I,10
Nortons,ORSISH,5666,1170,9.1,intolerant,ORSISH_Nortons_I,1
Nortons,ORSISH,1583,3133,8,intolerant,ORSISH_Nortons_I,2
Nortons,ORSISH,1614,3134,9.4,intolerant,ORSISH_Nortons_I,3
Nortons,ORSISH,5696,1171,9.8,intolerant,ORSISH_Nortons_I,4
Nortons,ORSISH,6636,3297,9.6,intolerant,ORSISH_Nortons_I,5
Nortons,ORSISH,2432,6005,10,intolerant,ORSISH_Nortons_I,6
Nortons,ORSISH,585,1166,10,intolerant,ORSISH_Nortons_I,7
Nortons,ORSISH,724,1171,10.5,intolerant,ORSISH_Nortons_I,8
Nortons,ORSISH,5603,1167,10.8,intolerant,ORSISH_Nortons_I,9
Nortons,ORSISH,7127,6004,10.4,intolerant,ORSISH_Nortons_I,10
Nortons,ORSISL,1559,3095,8.5,intolerant,ORSISL_Nortons_I,1
Nortons,ORSISL,1517,3095,9,intolerant,ORSISL_Nortons_I,2
Nortons,ORSISL,6668,3306,9.2,intolerant,ORSISL_Nortons_I,3
Nortons,ORSISL,6189,3077,9.4,intolerant,ORSISL_Nortons_I,4
Nortons,ORSISL,6227,3082,10,intolerant,ORSISL_Nortons_I,5
Nortons,ORSISL,6660,3306,9.4,intolerant,ORSISL_Nortons_I,6
Nortons,ORSISL,1526,3095,10.3,intolerant,ORSISL_Nortons_I,7
Nortons,ORSISL,1823,3285,9.8,intolerant,ORSISL_Nortons_I,8
Nortons,ORSISL,1406,3083,11.2,intolerant,ORSISL_Nortons_I,9
Nortons,ORSISL,1460,3094,11,intolerant,ORSISL_Nortons_I,10
Nortons,ORCSTN,4435,8525,10,intolerant,ORCSTN_Nortons_I,1
Nortons,ORCSTN,8970,8524,10.1,intolerant,ORCSTN_Nortons_I,2
Nortons,ORCSTN,1649,3147,10.1,intolerant,ORCSTN_Nortons_I,3
Nortons,ORCSTN,7315,6021,10.4,intolerant,ORCSTN_Nortons_I,4
Nortons,ORCSTN,1721,3148,10.5,intolerant,ORCSTN_Nortons_I,5
Nortons,ORCSTN,2460,6016,10.1,intolerant,ORCSTN_Nortons_I,6
Nortons,ORCSTN,2505,6019,11,intolerant,ORCSTN_Nortons_I,7
Nortons,ORCSTN,7282,6020,11,intolerant,ORCSTN_Nortons_I,8
Nortons,ORCSTS,1789,3209,9.8,intolerant,ORCSTS_Nortons_I,1
Nortons,ORCSTS,7367,6048,10.5,intolerant,ORCSTS_Nortons_I,2
Nortons,ORCSTS,9330,8551,11.4,intolerant,ORCSTS_Nortons_I,3
Nortons,CAKLA,3040,7010,9,intolerant,CAKLA_Nortons_I,1
Nortons,CAKLA,7676,7009,9.3,intolerant,CAKLA_Nortons_I,2
Nortons,CAKLA,7635,7008,9.3,intolerant,CAKLA_Nortons_I,3
Nortons,CAKLA,7537,7004,9.3,intolerant,CAKLA_Nortons_I,4
Nortons,CAKLA,7723,7010,9.5,intolerant,CAKLA_Nortons_I,5
Nortons,CAKLA,2896,7007,9.7,intolerant,CAKLA_Nortons_I,6
Nortons,CAKLA,2960,7008,9.4,intolerant,CAKLA_Nortons_I,7
Nortons,CAKLA,7565,7005,9.6,intolerant,CAKLA_Nortons_I,8
Nortons,CAKLA,7865,7037,10,intolerant,CAKLA_Nortons_I,9
Nortons,WACST,4233,8027,10.2,intolerant,WACST_Nortons_I,1
Nortons,WACST,8836,8027,11.2,intolerant,WACST_Nortons_I,2
Nortons,WACST,3619,7201,11.1,intolerant,WACST_Nortons_I,3
Nortons,WACST,4222,8027,11.5,intolerant,WACST_Nortons_I,4
Nortons,WACST,4269,8028,11.4,intolerant,WACST_Nortons_I,5
Nortons,CACST,3799,7802,7.2,intolerant,CACST_Nortons_I,1
Nortons,CACST,8527,7807,7.8,intolerant,CACST_Nortons_I,2
Nortons,CACST,3863,7806,7.8,intolerant,CACST_Nortons_I,3
Nortons,CACST,4005,7810,8.7,intolerant,CACST_Nortons_I,4
Nortons,CACST,3821,7802,8.4,intolerant,CACST_Nortons_I,5
Nortons,CACST,8674,7811,8.7,intolerant,CACST_Nortons_I,6
Nortons,CACST,3966,7809,9.1,intolerant,CACST_Nortons_I,7
Nortons,CACST,8686,7817,10,intolerant,CACST_Nortons_I,8
Nortons,CACST,8532,7807,9.5,intolerant,CACST_Nortons_I,9
Nortons,CACST,8609,7809,9.5,intolerant,CACST_Nortons_I,10
Floras,ORCASL,5035,1026,7.1,intolerant,ORCASL_Floras_I,1
Floras,ORCASL,6102,3054,7.3,intolerant,ORCASL_Floras_I,2
Floras,ORCASL,808,1199,7.9,intolerant,ORCASL_Floras_I,3
Floras,ORCASL,221,1039,7.1,intolerant,ORCASL_Floras_I,4
Floras,ORCASL,5049,1027,7.6,intolerant,ORCASL_Floras_I,5
Floras,ORCASL,1201,3053,6.2,intolerant,ORCASL_Floras_I,6
Floras,ORCASL,170,1038,7.8,intolerant,ORCASL_Floras_I,7
Floras,ORCASL,5232,1039,7.5,intolerant,ORCASL_Floras_I,8
Floras,ORCASL,1238,3054,7.5,intolerant,ORCASL_Floras_I,9
Floras,ORCASL,1164,3029,8.4,intolerant,ORCASL_Floras_I,10
Floras,ORCASH,960,2028,3,intolerant,ORCASH_Floras_I,1
Floras,ORCASH,5794,1223,7.2,intolerant,ORCASH_Floras_I,2
Floras,ORCASH,1903,4052,6.8,intolerant,ORCASH_Floras_I,3
Floras,ORCASH,5093,1029,7.4,intolerant,ORCASH_Floras_I,4
Floras,ORCASH,5936,3013,7.4,intolerant,ORCASH_Floras_I,5
Floras,ORCASH,5144,1030,7.3,intolerant,ORCASH_Floras_I,6
Floras,ORCASH,5895,2028,7.4,intolerant,ORCASH_Floras_I,7
Floras,ORCASH,5952,3014,7.6,intolerant,ORCASH_Floras_I,8
Floras,ORCASH,5793,1223,7.6,intolerant,ORCASH_Floras_I,9
Floras,ORCASH,5833,1224,7.1,intolerant,ORCASH_Floras_I,10
Floras,WACASL,310,1131,5.9,intolerant,WACASL_Floras_I,1
Floras,WACASL,4554,8537,5.6,intolerant,WACASL_Floras_I,2
Floras,WACASL,4697,8547,5.6,intolerant,WACASL_Floras_I,3
Floras,WACASL,2122,5115,7.7,intolerant,WACASL_Floras_I,4
Floras,WACASL,471,1152,6.9,intolerant,WACASL_Floras_I,5
Floras,WACASL,2158,5116,7.1,intolerant,WACASL_Floras_I,6
Floras,WACASL,423,1151,7.4,intolerant,WACASL_Floras_I,7
Floras,WACASL,2108,5115,7.9,intolerant,WACASL_Floras_I,8
Floras,WACASL,9301,8548,4.9,intolerant,WACASL_Floras_I,9
Floras,WACASL,9138,8538,7.6,intolerant,WACASL_Floras_I,10
Floras,WACASH,340,1146,7.3,intolerant,WACASH_Floras_I,1
Floras,WACASH,6814,5041,7.3,intolerant,WACASH_Floras_I,2
Floras,WACASH,7060,5130,7.8,intolerant,WACASH_Floras_I,3
Floras,WACASH,5340,1146,7.4,intolerant,WACASH_Floras_I,4
Floras,WACASH,2066,5042,7.9,intolerant,WACASH_Floras_I,5
Floras,WACASH,5493,1162,6,intolerant,WACASH_Floras_I,6
Floras,WACASH,5364,1147,7.4,intolerant,WACASH_Floras_I,7
Floras,WACASH,7011,5129,7,intolerant,WACASH_Floras_I,8
Floras,WACASH,5542,1163,8.5,intolerant,WACASH_Floras_I,9
Floras,WACASH,2195,5122,7.7,intolerant,WACASH_Floras_I,10
Floras,ORSISH,656,1167,5,intolerant,ORSISH_Floras_I,1
Floras,ORSISH,5638,1170,7,intolerant,ORSISH_Floras_I,2
Floras,ORSISH,5672,1171,7.5,intolerant,ORSISH_Floras_I,3
Floras,ORSISH,1632,3134,5,intolerant,ORSISH_Floras_I,4
Floras,ORSISH,7161,6005,7.9,intolerant,ORSISH_Floras_I,5
Floras,ORSISH,5637,1170,7.7,intolerant,ORSISH_Floras_I,6
Floras,ORSISH,666,1170,7.8,intolerant,ORSISH_Floras_I,7
Floras,ORSISH,5624,1167,7.4,intolerant,ORSISH_Floras_I,8
Floras,ORSISH,5611,1167,7.5,intolerant,ORSISH_Floras_I,9
Floras,ORSISH,6402,3134,7.5,intolerant,ORSISH_Floras_I,10
Floras,ORSISL,6282,3094,7.1,intolerant,ORSISL_Floras_I,1
Floras,ORSISL,1896,3306,7.4,intolerant,ORSISL_Floras_I,2
Floras,ORSISL,6324,3095,7.2,intolerant,ORSISL_Floras_I,3
Floras,ORSISL,1447,3083,7.5,intolerant,ORSISL_Floras_I,4
Floras,ORSISL,1452,3083,7.7,intolerant,ORSISL_Floras_I,5
Floras,ORSISL,6329,3095,9.5,intolerant,ORSISL_Floras_I,6
Floras,ORSISL,6286,3094,8.1,intolerant,ORSISL_Floras_I,7
Floras,ORSISL,6224,3082,9.3,intolerant,ORSISL_Floras_I,8
Floras,ORSISL,1833,3285,7.3,intolerant,ORSISL_Floras_I,9
Floras,ORCSTN,4391,8524,7,intolerant,ORCSTN_Floras_I,1
Floras,ORCSTN,6455,3147,6.9,intolerant,ORCSTN_Floras_I,2
Floras,ORCSTN,4314,8045,7.3,intolerant,ORCSTN_Floras_I,3
Floras,ORCSTN,2468,6016,7.3,intolerant,ORCSTN_Floras_I,4
Floras,ORCSTN,2560,6020,7.3,intolerant,ORCSTN_Floras_I,5
Floras,ORCSTN,2574,6021,7.2,intolerant,ORCSTN_Floras_I,6
Floras,ORCSTN,7197,6016,7.8,intolerant,ORCSTN_Floras_I,7
Floras,ORCSTN,4358,8046,7.8,intolerant,ORCSTN_Floras_I,8
Floras,ORCSTN,6478,3148,9.9,intolerant,ORCSTN_Floras_I,9
Floras,ORCSTN,4436,8525,7.8,intolerant,ORCSTN_Floras_I,10
Floras,ORCSTS,7361,6048,7.3,intolerant,ORCSTS_Floras_I,1
Floras,ORCSTS,2699,6050,7.4,intolerant,ORCSTS_Floras_I,2
Floras,ORCSTS,2801,6059,7.8,intolerant,ORCSTS_Floras_I,3
Floras,ORCSTS,2656,6048,8,intolerant,ORCSTS_Floras_I,4
Floras,ORCSTS,9338,8551,8.3,intolerant,ORCSTS_Floras_I,5
Floras,ORCSTS,4814,8552,9.6,intolerant,ORCSTS_Floras_I,6
Floras,ORCSTS,1743,3180,9.7,intolerant,ORCSTS_Floras_I,7
Floras,ORCSTS,9358,8552,9.7,intolerant,ORCSTS_Floras_I,8
Floras,ORCSTS,2740,6058,9.8,intolerant,ORCSTS_Floras_I,9
Floras,ORCSTS,6511,3180,9.7,intolerant,ORCSTS_Floras_I,10
Floras,CAKLA,2909,7007,4.7,intolerant,CAKLA_Floras_I,1
Floras,CAKLA,7871,7037,7.3,intolerant,CAKLA_Floras_I,2
Floras,CAKLA,2946,7008,4.9,intolerant,CAKLA_Floras_I,3
Floras,CAKLA,7798,7035,7.2,intolerant,CAKLA_Floras_I,4
Floras,CAKLA,3023,7010,7,intolerant,CAKLA_Floras_I,5
Floras,CAKLA,7773,7034,7,intolerant,CAKLA_Floras_I,6
Floras,CAKLA,7677,7009,7,intolerant,CAKLA_Floras_I,7
Floras,CAKLA,7569,7005,7,intolerant,CAKLA_Floras_I,8
Floras,CAKLA,7530,7004,6.6,intolerant,CAKLA_Floras_I,9
Floras,CAKLA,7724,7010,7.1,intolerant,CAKLA_Floras_I,10
Floras,WACST,8840,8027,5.2,intolerant,WACST_Floras_I,1
Floras,WACST,4177,8026,7.8,intolerant,WACST_Floras_I,2
Floras,WACST,3603,7201,5.7,intolerant,WACST_Floras_I,3
Floras,WACST,9171,8541,7.3,intolerant,WACST_Floras_I,4
Floras,WACST,3758,7206,7.5,intolerant,WACST_Floras_I,5
Floras,WACST,8330,7202,7.1,intolerant,WACST_Floras_I,6
Floras,WACST,8343,7205,7.3,intolerant,WACST_Floras_I,7
Floras,WACST,8321,7202,7.3,intolerant,WACST_Floras_I,8
Floras,WACST,9211,8542,7.2,intolerant,WACST_Floras_I,9
Floras,WACST,3718,7205,7.6,intolerant,WACST_Floras_I,10
Floras,CACST,8601,7809,7.1,intolerant,CACST_Floras_I,1
Floras,CACST,3893,7807,7.4,intolerant,CACST_Floras_I,2
Floras,CACST,4052,7811,7.8,intolerant,CACST_Floras_I,3
Floras,CACST,3989,7809,7.2,intolerant,CACST_Floras_I,4
Floras,CACST,4024,7810,7.1,intolerant,CACST_Floras_I,5
Floras,CACST,4088,7817,7.1,intolerant,CACST_Floras_I,6
Floras,CACST,3861,7806,7.5,intolerant,CACST_Floras_I,7
Floras,CACST,3803,7802,10.8,intolerant,CACST_Floras_I,8
Floras,CACST,8559,7808,9.2,intolerant,CACST_Floras_I,9
Floras,CACST,3988,7809,9,intolerant,CACST_Floras_I,10
Jammer,ORCASL,234,1039,13.5,tolerant,ORCASL_Jammer_T,1
Jammer,ORCASL,5984,3028,13.3,tolerant,ORCASL_Jammer_T,2
Jammer,ORCASL,5729,1198,13.6,tolerant,ORCASL_Jammer_T,3
Jammer,ORCASL,6024,3029,13.7,tolerant,ORCASL_Jammer_T,4
Jammer,ORCASL,5076,1027,13.6,tolerant,ORCASL_Jammer_T,5
Jammer,ORCASL,5169,1038,13.1,tolerant,ORCASL_Jammer_T,6
Jammer,ORCASL,223,1039,13.3,tolerant,ORCASL_Jammer_T,7
Jammer,ORCASL,1231,3054,13.6,tolerant,ORCASL_Jammer_T,8
Jammer,ORCASL,54,1027,13.4,tolerant,ORCASL_Jammer_T,9
Jammer,ORCASL,770,1198,13.4,tolerant,ORCASL_Jammer_T,10
Jammer,ORCASH,912,1224,13,tolerant,ORCASH_Jammer_T,1
Jammer,ORCASH,1943,4053,13,tolerant,ORCASH_Jammer_T,2
Jammer,ORCASH,6709,4052,12,tolerant,ORCASH_Jammer_T,3
Jammer,ORCASH,5142,1030,13.8,tolerant,ORCASH_Jammer_T,4
Jammer,ORCASH,5875,2028,13.2,tolerant,ORCASH_Jammer_T,5
Jammer,ORCASH,5923,3013,13.5,tolerant,ORCASH_Jammer_T,6
Jammer,ORCASH,85,1029,13.5,tolerant,ORCASH_Jammer_T,7
Jammer,ORCASH,5960,3014,13.4,tolerant,ORCASH_Jammer_T,8
Jammer,ORCASH,6754,4064,13,tolerant,ORCASH_Jammer_T,9
Jammer,ORCASH,846,1223,13.3,tolerant,ORCASH_Jammer_T,10
Jammer,WACASL,5456,1152,13.6,tolerant,WACASL_Jammer_T,1
Jammer,WACASL,293,1131,13,tolerant,WACASL_Jammer_T,2
Jammer,WACASL,9129,8538,13.7,tolerant,WACASL_Jammer_T,3
Jammer,WACASL,245,1130,11.9,tolerant,WACASL_Jammer_T,4
Jammer,WACASL,4528,8537,13.2,tolerant,WACASL_Jammer_T,5
Jammer,WACASL,9083,8537,13.2,tolerant,WACASL_Jammer_T,6
Jammer,WACASL,6940,5116,13.2,tolerant,WACASL_Jammer_T,7
Jammer,WACASL,285,1131,12.9,tolerant,WACASL_Jammer_T,8
Jammer,WACASL,6905,5115,13.6,tolerant,WACASL_Jammer_T,9
Jammer,WACASL,438,1151,13.6,tolerant,WACASL_Jammer_T,10
Jammer,WACASH,2243,5129,12.9,tolerant,WACASH_Jammer_T,1
Jammer,WACASH,2316,5202,13,tolerant,WACASH_Jammer_T,2
Jammer,WACASH,2052,5041,13.3,tolerant,WACASH_Jammer_T,3
Jammer,WACASH,6819,5041,13,tolerant,WACASH_Jammer_T,4
Jammer,WACASH,5521,1163,13,tolerant,WACASH_Jammer_T,5
Jammer,WACASH,495,1162,12.8,tolerant,WACASH_Jammer_T,6
Jammer,WACASH,5324,1146,13.4,tolerant,WACASH_Jammer_T,7
Jammer,WACASH,5382,1147,11.8,tolerant,WACASH_Jammer_T,8
Jammer,WACASH,6864,5042,12.3,tolerant,WACASH_Jammer_T,9
Jammer,WACASH,7076,5202,12.2,tolerant,WACASH_Jammer_T,10
Jammer,ORSISH,2428,6005,12.9,tolerant,ORSISH_Jammer_T,1
Jammer,ORSISH,2378,6004,12.1,tolerant,ORSISH_Jammer_T,2
Jammer,ORSISH,1844,3296,13.6,tolerant,ORSISH_Jammer_T,3
Jammer,ORSISH,1628,3134,12.2,tolerant,ORSISH_Jammer_T,4
Jammer,ORSISH,2422,6005,12,tolerant,ORSISH_Jammer_T,5
Jammer,ORSISH,6420,3134,12.2,tolerant,ORSISH_Jammer_T,6
Jammer,ORSISH,707,1170,13.3,tolerant,ORSISH_Jammer_T,7
Jammer,ORSISH,665,1167,10.6,tolerant,ORSISH_Jammer_T,8
Jammer,ORSISH,7112,6004,11,tolerant,ORSISH_Jammer_T,9
Jammer,ORSISH,5687,1171,13,tolerant,ORSISH_Jammer_T,10
Jammer,ORSISL,6647,3306,12.9,tolerant,ORSISL_Jammer_T,1
Jammer,ORSISL,1466,3094,13.3,tolerant,ORSISL_Jammer_T,2
Jammer,ORSISL,6312,3094,13.1,tolerant,ORSISL_Jammer_T,3
Jammer,ORSISL,1798,3285,12,tolerant,ORSISL_Jammer_T,4
Jammer,ORSISL,6134,3076,13.5,tolerant,ORSISL_Jammer_T,5
Jammer,ORSISL,1497,3094,13,tolerant,ORSISL_Jammer_T,6
Jammer,ORSISL,6167,3077,13,tolerant,ORSISL_Jammer_T,7
Jammer,ORSISL,1541,3095,13.4,tolerant,ORSISL_Jammer_T,8
Jammer,ORSISL,1877,3306,10.9,tolerant,ORSISL_Jammer_T,9
Jammer,ORSISL,1485,3094,12.9,tolerant,ORSISL_Jammer_T,10
Jammer,ORCSTN,6493,3148,13.7,tolerant,ORCSTN_Jammer_T,1
Jammer,ORCSTN,6466,3147,13.2,tolerant,ORCSTN_Jammer_T,2
Jammer,ORCSTN,4309,8045,13.5,tolerant,ORCSTN_Jammer_T,3
Jammer,ORCSTN,4440,8525,13.4,tolerant,ORCSTN_Jammer_T,4
Jammer,ORCSTN,7324,6021,13.6,tolerant,ORCSTN_Jammer_T,5
Jammer,ORCSTN,2527,6019,13.5,tolerant,ORCSTN_Jammer_T,6
Jammer,ORCSTN,4338,8046,13.7,tolerant,ORCSTN_Jammer_T,7
Jammer,ORCSTN,7213,6016,13.4,tolerant,ORCSTN_Jammer_T,8
Jammer,ORCSTN,1705,3148,13,tolerant,ORCSTN_Jammer_T,9
Jammer,ORCSTN,7230,6019,13.5,tolerant,ORCSTN_Jammer_T,10
Jammer,ORCSTS,2659,6048,13.9,tolerant,ORCSTS_Jammer_T,1
Jammer,ORCSTS,9047,8528,13.4,tolerant,ORCSTS_Jammer_T,2
Jammer,ORCSTS,2698,6050,13,tolerant,ORCSTS_Jammer_T,3
Jammer,ORCSTS,9039,8528,12.6,tolerant,ORCSTS_Jammer_T,4
Jammer,ORCSTS,7359,6048,13.3,tolerant,ORCSTS_Jammer_T,5
Jammer,ORCSTS,4769,8551,13.6,tolerant,ORCSTS_Jammer_T,6
Jammer,ORCSTS,6513,3180,13.4,tolerant,ORCSTS_Jammer_T,7
Jammer,ORCSTS,4815,8552,13.4,tolerant,ORCSTS_Jammer_T,8
Jammer,ORCSTS,1760,3180,13.3,tolerant,ORCSTS_Jammer_T,9
Jammer,ORCSTS,2649,6048,13,tolerant,ORCSTS_Jammer_T,10
Jammer,CAKLA,7800,7035,10.6,tolerant,CAKLA_Jammer_T,1
Jammer,CAKLA,7783,7035,10.3,tolerant,CAKLA_Jammer_T,2
Jammer,CAKLA,7585,7007,10.9,tolerant,CAKLA_Jammer_T,3
Jammer,CAKLA,7868,7037,13,tolerant,CAKLA_Jammer_T,4
Jammer,CAKLA,7679,7009,12.1,tolerant,CAKLA_Jammer_T,5
Jammer,CAKLA,7835,7036,12.1,tolerant,CAKLA_Jammer_T,6
Jammer,CAKLA,7887,7037,12.2,tolerant,CAKLA_Jammer_T,7
Jammer,CAKLA,3033,7010,9,tolerant,CAKLA_Jammer_T,8
Jammer,CAKLA,7604,7007,10.4,tolerant,CAKLA_Jammer_T,9
Jammer,CAKLA,2865,7005,13,tolerant,CAKLA_Jammer_T,10
Jammer,WACST,9179,8541,13.1,tolerant,WACST_Jammer_T,1
Jammer,WACST,8832,8027,14,tolerant,WACST_Jammer_T,2
Jammer,WACST,4191,8026,13.9,tolerant,WACST_Jammer_T,3
Jammer,WACST,3700,7205,14,tolerant,WACST_Jammer_T,4
Jammer,WACST,4140,8025,13.1,tolerant,WACST_Jammer_T,5
Jammer,WACST,9216,8542,13.8,tolerant,WACST_Jammer_T,6
Jammer,WACST,4238,8027,13.5,tolerant,WACST_Jammer_T,7
Jammer,WACST,8864,8028,13.5,tolerant,WACST_Jammer_T,8
Jammer,WACST,3669,7202,13.4,tolerant,WACST_Jammer_T,9
Jammer,WACST,3754,7206,13.9,tolerant,WACST_Jammer_T,10
Jammer,CACST,4004,7810,13.3,tolerant,CACST_Jammer_T,1
Jammer,CACST,3954,7809,13,tolerant,CACST_Jammer_T,2
Jammer,CACST,3987,7809,12.9,tolerant,CACST_Jammer_T,3
Jammer,CACST,4078,7817,13.2,tolerant,CACST_Jammer_T,4
Jammer,CACST,3816,7802,13,tolerant,CACST_Jammer_T,5
Jammer,CACST,8685,7817,13,tolerant,CACST_Jammer_T,6
Jammer,CACST,8672,7811,13.3,tolerant,CACST_Jammer_T,7
Jammer,CACST,3918,7808,11.8,tolerant,CACST_Jammer_T,8
Jammer,CACST,8528,7807,9,tolerant,CACST_Jammer_T,9
Jammer,CACST,3779,7801,13.1,tolerant,CACST_Jammer_T,10
Doorstop,ORCASL,5787,1199,13.9,tolerant,ORCASL_Doorstop_T,1
Doorstop,ORCASL,6036,3029,13.8,tolerant,ORCASL_Doorstop_T,2
Doorstop,ORCASL,1161,3029,13.6,tolerant,ORCASL_Doorstop_T,3
Doorstop,ORCASL,210,1039,14,tolerant,ORCASL_Doorstop_T,4
Doorstop,ORCASL,6071,3053,14,tolerant,ORCASL_Doorstop_T,5
Doorstop,ORCASL,55,1027,13.8,tolerant,ORCASL_Doorstop_T,6
Doorstop,ORCASL,1118,3028,13,tolerant,ORCASL_Doorstop_T,7
Doorstop,ORCASL,5,1026,13.9,tolerant,ORCASL_Doorstop_T,8
Doorstop,ORCASL,793,1198,13.8,tolerant,ORCASL_Doorstop_T,9
Doorstop,ORCASL,5018,1026,13.8,tolerant,ORCASL_Doorstop_T,10
Doorstop,ORCASH,5115,1029,13,tolerant,ORCASH_Doorstop_T,1
Doorstop,ORCASH,5891,2028,13.7,tolerant,ORCASH_Doorstop_T,2
Doorstop,ORCASH,5913,3013,13.8,tolerant,ORCASH_Doorstop_T,3
Doorstop,ORCASH,1930,4052,13,tolerant,ORCASH_Doorstop_T,4
Doorstop,ORCASH,6793,4064,13.5,tolerant,ORCASH_Doorstop_T,5
Doorstop,ORCASH,5838,1224,12.6,tolerant,ORCASH_Doorstop_T,6
Doorstop,ORCASH,1088,3014,11.8,tolerant,ORCASH_Doorstop_T,7
Doorstop,ORCASH,5976,3014,11.2,tolerant,ORCASH_Doorstop_T,8
Doorstop,ORCASH,861,1223,13.7,tolerant,ORCASH_Doorstop_T,9
Doorstop,ORCASH,122,1030,13.3,tolerant,ORCASH_Doorstop_T,10
Doorstop,WACASL,4535,8537,14.7,tolerant,WACASL_Doorstop_T,1
Doorstop,WACASL,2106,5115,14,tolerant,WACASL_Doorstop_T,2
Doorstop,WACASL,2152,5116,14,tolerant,WACASL_Doorstop_T,3
Doorstop,WACASL,5290,1131,14,tolerant,WACASL_Doorstop_T,4
Doorstop,WACASL,4564,8538,14,tolerant,WACASL_Doorstop_T,5
Doorstop,WACASL,5274,1130,13.8,tolerant,WACASL_Doorstop_T,6
Doorstop,WACASL,413,1151,13,tolerant,WACASL_Doorstop_T,7
Doorstop,WACASL,5429,1151,13,tolerant,WACASL_Doorstop_T,8
Doorstop,WACASL,9090,8537,13.6,tolerant,WACASL_Doorstop_T,9
Doorstop,WACASL,9258,8547,13.6,tolerant,WACASL_Doorstop_T,10
Doorstop,WACASH,2025,5041,13.5,tolerant,WACASH_Doorstop_T,1
Doorstop,WACASH,382,1147,13,tolerant,WACASH_Doorstop_T,2
Doorstop,WACASH,5315,1146,12.7,tolerant,WACASH_Doorstop_T,3
Doorstop,WACASH,2225,5122,13.8,tolerant,WACASH_Doorstop_T,4
Doorstop,WACASH,2075,5042,14,tolerant,WACASH_Doorstop_T,5
Doorstop,WACASH,6845,5042,14,tolerant,WACASH_Doorstop_T,6
Doorstop,WACASH,6855,5042,14,tolerant,WACASH_Doorstop_T,7
Doorstop,WACASH,7069,5202,14,tolerant,WACASH_Doorstop_T,8
Doorstop,WACASH,7004,5129,10.8,tolerant,WACASH_Doorstop_T,9
Doorstop,WACASH,7047,5130,14,tolerant,WACASH_Doorstop_T,10
Doorstop,ORSISH,7136,6004,12.8,tolerant,ORSISH_Doorstop_T,1
Doorstop,ORSISH,681,1170,13.6,tolerant,ORSISH_Doorstop_T,2
Doorstop,ORSISH,5678,1171,13.5,tolerant,ORSISH_Doorstop_T,3
Doorstop,ORSISH,5556,1166,12.3,tolerant,ORSISH_Doorstop_T,4
Doorstop,ORSISH,5679,1171,12.9,tolerant,ORSISH_Doorstop_T,5
Doorstop,ORSISH,662,1167,11,tolerant,ORSISH_Doorstop_T,6
Doorstop,ORSISH,1589,3133,13.5,tolerant,ORSISH_Doorstop_T,7
Doorstop,ORSISH,7158,6005,9.6,tolerant,ORSISH_Doorstop_T,8
Doorstop,ORSISH,647,1167,10.7,tolerant,ORSISH_Doorstop_T,9
Doorstop,ORSISH,5642,1170,12.6,tolerant,ORSISH_Doorstop_T,10
Doorstop,ORSISL,6306,3094,14,tolerant,ORSISL_Doorstop_T,1
Doorstop,ORSISL,1423,3083,13,tolerant,ORSISL_Doorstop_T,2
Doorstop,ORSISL,6205,3082,14,tolerant,ORSISL_Doorstop_T,3
Doorstop,ORSISL,1282,3076,13,tolerant,ORSISL_Doorstop_T,4
Doorstop,ORSISL,6170,3077,12.1,tolerant,ORSISL_Doorstop_T,5
Doorstop,ORSISL,6654,3306,10.5,tolerant,ORSISL_Doorstop_T,6
Doorstop,ORSISL,1363,3082,13,tolerant,ORSISL_Doorstop_T,7
Doorstop,ORSISL,6261,3083,13,tolerant,ORSISL_Doorstop_T,8
Doorstop,ORSISL,1378,3082,12.5,tolerant,ORSISL_Doorstop_T,9
Doorstop,ORCSTN,2566,6020,14,tolerant,ORCSTN_Doorstop_T,1
Doorstop,ORCSTN,8902,8045,13.6,tolerant,ORCSTN_Doorstop_T,2
Doorstop,ORCSTN,8959,8046,14,tolerant,ORCSTN_Doorstop_T,3
Doorstop,ORCSTN,7342,6021,12.6,tolerant,ORCSTN_Doorstop_T,4
Doorstop,ORCSTN,6497,3148,14,tolerant,ORCSTN_Doorstop_T,5
Doorstop,ORCSTN,6464,3147,12,tolerant,ORCSTN_Doorstop_T,6
Doorstop,ORCSTN,7252,6019,13.5,tolerant,ORCSTN_Doorstop_T,7
Doorstop,ORCSTN,8986,8524,13.4,tolerant,ORCSTN_Doorstop_T,8
Doorstop,ORCSTN,9028,8525,13.6,tolerant,ORCSTN_Doorstop_T,9
Doorstop,ORCSTN,7287,6020,13.1,tolerant,ORCSTN_Doorstop_T,10
Doorstop,ORCSTS,7360,6048,13,tolerant,ORCSTS_Doorstop_T,1
Doorstop,ORCSTS,6518,3180,13.3,tolerant,ORCSTS_Doorstop_T,2
Doorstop,ORCSTS,9069,8528,12.5,tolerant,ORCSTS_Doorstop_T,3
Doorstop,ORCSTS,2768,6059,13.4,tolerant,ORCSTS_Doorstop_T,4
Doorstop,ORCSTS,2713,6050,13.4,tolerant,ORCSTS_Doorstop_T,5
Doorstop,ORCSTS,4778,8551,13.6,tolerant,ORCSTS_Doorstop_T,6
Doorstop,ORCSTS,9383,8552,14,tolerant,ORCSTS_Doorstop_T,7
Doorstop,ORCSTS,6545,3180,12.3,tolerant,ORCSTS_Doorstop_T,8
Doorstop,ORCSTS,7391,6050,13.3,tolerant,ORCSTS_Doorstop_T,9
Doorstop,ORCSTS,2741,6058,13.5,tolerant,ORCSTS_Doorstop_T,10
Doorstop,CAKLA,7558,7005,9.6,tolerant,CAKLA_Doorstop_T,1
Doorstop,CAKLA,2988,7009,12,tolerant,CAKLA_Doorstop_T,2
Doorstop,CAKLA,3067,7034,11.4,tolerant,CAKLA_Doorstop_T,3
Doorstop,CAKLA,3093,7035,11,tolerant,CAKLA_Doorstop_T,4
Doorstop,CAKLA,7828,7036,12.8,tolerant,CAKLA_Doorstop_T,5
Doorstop,CAKLA,3009,7009,10,tolerant,CAKLA_Doorstop_T,6
Doorstop,CAKLA,3064,7034,9.4,tolerant,CAKLA_Doorstop_T,7
Doorstop,WACST,8371,7205,13.9,tolerant,WACST_Doorstop_T,1
Doorstop,WACST,9158,8541,13.3,tolerant,WACST_Doorstop_T,2
Doorstop,WACST,3631,7201,11.8,tolerant,WACST_Doorstop_T,3
Doorstop,WACST,8866,8028,12.5,tolerant,WACST_Doorstop_T,4
Doorstop,WACST,3734,7206,13,tolerant,WACST_Doorstop_T,5
Doorstop,WACST,4189,8026,13.8,tolerant,WACST_Doorstop_T,6
Doorstop,WACST,8834,8027,14,tolerant,WACST_Doorstop_T,7
Doorstop,WACST,4164,8026,13.7,tolerant,WACST_Doorstop_T,8
Doorstop,WACST,4630,8541,12.9,tolerant,WACST_Doorstop_T,9
Doorstop,WACST,4230,8027,13.1,tolerant,WACST_Doorstop_T,10
Doorstop,CACST,3945,7808,11,tolerant,CACST_Doorstop_T,1
Doorstop,CACST,4074,7817,10.7,tolerant,CACST_Doorstop_T,2
Doorstop,CACST,3808,7802,9.9,tolerant,CACST_Doorstop_T,3
Doorstop,CACST,8561,7808,10.1,tolerant,CACST_Doorstop_T,4
Doorstop,CACST,8693,7817,10.2,tolerant,CACST_Doorstop_T,5
Doorstop,CACST,3981,7809,8.7,tolerant,CACST_Doorstop_T,6
Doorstop,CACST,3836,7806,7.9,tolerant,CACST_Doorstop_T,7
Doorstop,CACST,8488,7806,7.9,tolerant,CACST_Doorstop_T,8
Doorstop,CACST,3942,7808,7.4,tolerant,CACST_Doorstop_T,9
Doorstop,CACST,8524,7807,7.5,tolerant,CACST_Doorstop_T,10
Buckhorn,ORCASL,5210,1039,14.1,tolerant,ORCASL_Buckhorn_T,1
Buckhorn,ORCASL,59,1027,13.5,tolerant,ORCASL_Buckhorn_T,2
Buckhorn,ORCASL,6008,3028,13.5,tolerant,ORCASL_Buckhorn_T,3
Buckhorn,ORCASL,6086,3054,13.4,tolerant,ORCASL_Buckhorn_T,4
Buckhorn,ORCASL,5719,1198,13.4,tolerant,ORCASL_Buckhorn_T,5
Buckhorn,ORCASL,5163,1038,13.2,tolerant,ORCASL_Buckhorn_T,6
Buckhorn,ORCASL,805,1199,13.7,tolerant,ORCASL_Buckhorn_T,7
Buckhorn,ORCASL,6075,3053,13.5,tolerant,ORCASL_Buckhorn_T,8
Buckhorn,ORCASL,6112,3054,13.1,tolerant,ORCASL_Buckhorn_T,9
Buckhorn,ORCASL,58,1027,13.2,tolerant,ORCASL_Buckhorn_T,10
Buckhorn,ORCASH,1956,4053,12.3,tolerant,ORCASH_Buckhorn_T,1
Buckhorn,ORCASH,5090,1029,13.6,tolerant,ORCASH_Buckhorn_T,2
Buckhorn,ORCASH,5943,3014,13.3,tolerant,ORCASH_Buckhorn_T,3
Buckhorn,ORCASH,841,1223,13.4,tolerant,ORCASH_Buckhorn_T,4
Buckhorn,ORCASH,82,1029,13.5,tolerant,ORCASH_Buckhorn_T,5
Buckhorn,ORCASH,2000,4064,13.1,tolerant,ORCASH_Buckhorn_T,6
Buckhorn,ORCASH,1963,4053,12.3,tolerant,ORCASH_Buckhorn_T,7
Buckhorn,ORCASH,5951,3014,13,tolerant,ORCASH_Buckhorn_T,8
Buckhorn,ORCASH,5806,1223,13.3,tolerant,ORCASH_Buckhorn_T,9
Buckhorn,ORCASH,5153,1030,12.9,tolerant,ORCASH_Buckhorn_T,10
Buckhorn,WACASL,318,1131,13.1,tolerant,WACASL_Buckhorn_T,1
Buckhorn,WACASL,296,1131,12.9,tolerant,WACASL_Buckhorn_T,2
Buckhorn,WACASL,4526,8537,14,tolerant,WACASL_Buckhorn_T,3
Buckhorn,WACASL,4571,8538,13.8,tolerant,WACASL_Buckhorn_T,4
Buckhorn,WACASL,4693,8547,13.4,tolerant,WACASL_Buckhorn_T,5
Buckhorn,WACASL,6893,5115,13.5,tolerant,WACASL_Buckhorn_T,6
Buckhorn,WACASL,2159,5116,13.6,tolerant,WACASL_Buckhorn_T,7
Buckhorn,WACASL,5427,1151,13.9,tolerant,WACASL_Buckhorn_T,8
Buckhorn,WACASL,4730,8548,13.4,tolerant,WACASL_Buckhorn_T,9
Buckhorn,WACASL,4760,8548,13.3,tolerant,WACASL_Buckhorn_T,10
Buckhorn,WACASH,7055,5130,13.1,tolerant,WACASH_Buckhorn_T,1
Buckhorn,WACASH,520,1162,12.9,tolerant,WACASH_Buckhorn_T,2
Buckhorn,WACASH,7035,5130,12.7,tolerant,WACASH_Buckhorn_T,3
Buckhorn,WACASH,5533,1163,13,tolerant,WACASH_Buckhorn_T,4
Buckhorn,WACASH,5317,1146,13.6,tolerant,WACASH_Buckhorn_T,5
Buckhorn,WACASH,391,1147,13.5,tolerant,WACASH_Buckhorn_T,6
Buckhorn,WACASH,2093,5042,13.6,tolerant,WACASH_Buckhorn_T,7
Buckhorn,WACASH,337,1146,13.5,tolerant,WACASH_Buckhorn_T,8
Buckhorn,WACASH,6980,5122,12.9,tolerant,WACASH_Buckhorn_T,9
Buckhorn,WACASH,2348,5202,12.8,tolerant,WACASH_Buckhorn_T,10
Buckhorn,ORSISH,6355,3133,12.4,tolerant,ORSISH_Buckhorn_T,1
Buckhorn,ORSISH,648,1167,13.2,tolerant,ORSISH_Buckhorn_T,2
Buckhorn,ORSISH,6424,3134,13,tolerant,ORSISH_Buckhorn_T,3
Buckhorn,ORSISH,712,1171,12.3,tolerant,ORSISH_Buckhorn_T,4
Buckhorn,ORSISH,710,1171,11.9,tolerant,ORSISH_Buckhorn_T,5
Buckhorn,ORSISH,671,1170,13.2,tolerant,ORSISH_Buckhorn_T,6
Buckhorn,ORSISH,7134,6004,12,tolerant,ORSISH_Buckhorn_T,7
Buckhorn,ORSISH,5684,1171,11.8,tolerant,ORSISH_Buckhorn_T,8
Buckhorn,ORSISH,1857,3297,11.5,tolerant,ORSISH_Buckhorn_T,9
Buckhorn,ORSISL,6301,3094,11.2,tolerant,ORSISL_Buckhorn_T,1
Buckhorn,ORSISL,1275,3076,11.5,tolerant,ORSISL_Buckhorn_T,2
Buckhorn,ORSISL,6214,3082,13.5,tolerant,ORSISL_Buckhorn_T,3
Buckhorn,ORSISL,1522,3095,13,tolerant,ORSISL_Buckhorn_T,4
Buckhorn,ORSISL,6339,3095,13,tolerant,ORSISL_Buckhorn_T,5
Buckhorn,ORSISL,1889,3306,12.6,tolerant,ORSISL_Buckhorn_T,6
Buckhorn,ORSISL,1446,3083,13,tolerant,ORSISL_Buckhorn_T,7
Buckhorn,ORSISL,1387,3082,13,tolerant,ORSISL_Buckhorn_T,8
Buckhorn,ORSISL,6195,3077,11.8,tolerant,ORSISL_Buckhorn_T,9
Buckhorn,ORSISL,1805,3285,11.4,tolerant,ORSISL_Buckhorn_T,10
Buckhorn,ORCSTN,7237,6019,13.4,tolerant,ORCSTN_Buckhorn_T,1
Buckhorn,ORCSTN,7328,6021,13.8,tolerant,ORCSTN_Buckhorn_T,2
Buckhorn,ORCSTN,2462,6016,13.6,tolerant,ORCSTN_Buckhorn_T,3
Buckhorn,ORCSTN,8954,8046,13.7,tolerant,ORCSTN_Buckhorn_T,4
Buckhorn,ORCSTN,1670,3147,13.4,tolerant,ORCSTN_Buckhorn_T,5
Buckhorn,ORCSTN,4386,8524,13.4,tolerant,ORCSTN_Buckhorn_T,6
Buckhorn,ORCSTN,7187,6016,13.6,tolerant,ORCSTN_Buckhorn_T,7
Buckhorn,ORCSTN,2503,6019,13.1,tolerant,ORCSTN_Buckhorn_T,8
Buckhorn,ORCSTN,8908,8045,13.5,tolerant,ORCSTN_Buckhorn_T,9
Buckhorn,ORCSTN,4414,8525,13.5,tolerant,ORCSTN_Buckhorn_T,10
Buckhorn,ORCSTS,2747,6058,13.7,tolerant,ORCSTS_Buckhorn_T,1
Buckhorn,ORCSTS,7362,6048,13.5,tolerant,ORCSTS_Buckhorn_T,2
Buckhorn,ORCSTS,9363,8552,13.8,tolerant,ORCSTS_Buckhorn_T,3
Buckhorn,ORCSTS,7461,6058,13.3,tolerant,ORCSTS_Buckhorn_T,4
Buckhorn,ORCSTS,4792,8551,13.5,tolerant,ORCSTS_Buckhorn_T,5
Buckhorn,ORCSTS,7386,6050,13.1,tolerant,ORCSTS_Buckhorn_T,6
Buckhorn,ORCSTS,7435,6058,13.2,tolerant,ORCSTS_Buckhorn_T,7
Buckhorn,ORCSTS,4801,8551,13.1,tolerant,ORCSTS_Buckhorn_T,8
Buckhorn,ORCSTS,4482,8528,13.1,tolerant,ORCSTS_Buckhorn_T,9
Buckhorn,ORCSTS,7356,6048,13.4,tolerant,ORCSTS_Buckhorn_T,10
Buckhorn,CAKLA,7555,7005,13,tolerant,CAKLA_Buckhorn_T,1
Buckhorn,CAKLA,7520,7004,13,tolerant,CAKLA_Buckhorn_T,2
Buckhorn,CAKLA,3047,7010,12.1,tolerant,CAKLA_Buckhorn_T,3
Buckhorn,CAKLA,3073,7034,12.3,tolerant,CAKLA_Buckhorn_T,4
Buckhorn,CAKLA,7854,7036,13,tolerant,CAKLA_Buckhorn_T,5
Buckhorn,CAKLA,7802,7035,12,tolerant,CAKLA_Buckhorn_T,6
Buckhorn,CAKLA,3153,7036,12.9,tolerant,CAKLA_Buckhorn_T,7
Buckhorn,WACST,4678,8542,13.9,tolerant,WACST_Buckhorn_T,1
Buckhorn,WACST,8758,8025,11.2,tolerant,WACST_Buckhorn_T,2
Buckhorn,WACST,8780,8026,14,tolerant,WACST_Buckhorn_T,3
Buckhorn,WACST,8859,8028,13.3,tolerant,WACST_Buckhorn_T,4
Buckhorn,WACST,4633,8541,13.6,tolerant,WACST_Buckhorn_T,5
Buckhorn,WACST,3696,7205,13.7,tolerant,WACST_Buckhorn_T,6
Buckhorn,WACST,4228,8027,13.5,tolerant,WACST_Buckhorn_T,7
Buckhorn,WACST,8308,7202,13.3,tolerant,WACST_Buckhorn_T,8
Buckhorn,WACST,3724,7206,13.7,tolerant,WACST_Buckhorn_T,9
Buckhorn,WACST,8357,7205,13.6,tolerant,WACST_Buckhorn_T,10
Buckhorn,CACST,4036,7811,13.2,tolerant,CACST_Buckhorn_T,1
Buckhorn,CACST,3935,7808,13.2,tolerant,CACST_Buckhorn_T,2
Buckhorn,CACST,3819,7802,13.1,tolerant,CACST_Buckhorn_T,3
Buckhorn,CACST,8472,7802,13,tolerant,CACST_Buckhorn_T,4
Buckhorn,CACST,3865,7806,13.1,tolerant,CACST_Buckhorn_T,5
Buckhorn,CACST,8684,7817,13.2,tolerant,CACST_Buckhorn_T,6
Buckhorn,CACST,3785,7801,13,tolerant,CACST_Buckhorn_T,7
Buckhorn,CACST,3906,7807,12.7,tolerant,CACST_Buckhorn_T,8
Buckhorn,CACST,8622,7809,13.2,tolerant,CACST_Buckhorn_T,9
Buckhorn,CACST,3940,7808,13,tolerant,CACST_Buckhorn_T,10
Sodas,ORCASL,26,1026,13,tolerant,ORCASL_Sodas_T,1
Sodas,ORCASL,5167,1038,14,tolerant,ORCASL_Sodas_T,2
Sodas,ORCASL,6000,3028,14,tolerant,ORCASL_Sodas_T,3
Sodas,ORCASL,5765,1199,13.9,tolerant,ORCASL_Sodas_T,4
Sodas,ORCASL,1232,3054,13.7,tolerant,ORCASL_Sodas_T,5
Sodas,ORCASL,46,1027,14,tolerant,ORCASL_Sodas_T,6
Sodas,ORCASL,6060,3053,14,tolerant,ORCASL_Sodas_T,7
Sodas,ORCASL,6014,3028,13.8,tolerant,ORCASL_Sodas_T,8
Sodas,ORCASL,6081,3053,14,tolerant,ORCASL_Sodas_T,9
Sodas,ORCASL,43,1027,13.9,tolerant,ORCASL_Sodas_T,10
Sodas,ORCASH,1075,3014,14,tolerant,ORCASH_Sodas_T,1
Sodas,ORCASH,5879,2028,12.9,tolerant,ORCASH_Sodas_T,2
Sodas,ORCASH,1990,4064,12.5,tolerant,ORCASH_Sodas_T,3
Sodas,ORCASH,5852,1224,13,tolerant,ORCASH_Sodas_T,4
Sodas,ORCASH,5811,1223,14,tolerant,ORCASH_Sodas_T,5
Sodas,ORCASH,5140,1030,14,tolerant,ORCASH_Sodas_T,6
Sodas,ORCASH,1066,3014,13.8,tolerant,ORCASH_Sodas_T,7
Sodas,ORCASH,1949,4053,14,tolerant,ORCASH_Sodas_T,8
Sodas,ORCASH,90,1029,14,tolerant,ORCASH_Sodas_T,9
Sodas,ORCASH,1939,4053,13.6,tolerant,ORCASH_Sodas_T,10
Sodas,WACASL,5424,1151,14,tolerant,WACASL_Sodas_T,1
Sodas,WACASL,267,1130,14,tolerant,WACASL_Sodas_T,2
Sodas,WACASL,4746,8548,13.5,tolerant,WACASL_Sodas_T,3
Sodas,WACASL,5460,1152,14,tolerant,WACASL_Sodas_T,4
Sodas,WACASL,2121,5115,14,tolerant,WACASL_Sodas_T,5
Sodas,WACASL,4581,8538,13.9,tolerant,WACASL_Sodas_T,6
Sodas,WACASL,435,1151,13.8,tolerant,WACASL_Sodas_T,7
Sodas,WACASL,4523,8537,14,tolerant,WACASL_Sodas_T,8
Sodas,WACASL,301,1131,14,tolerant,WACASL_Sodas_T,9
Sodas,WACASL,4534,8537,14,tolerant,WACASL_Sodas_T,10
Sodas,WACASH,2051,5041,14,tolerant,WACASH_Sodas_T,1
Sodas,WACASH,7089,5202,14,tolerant,WACASH_Sodas_T,2
Sodas,WACASH,5388,1147,14,tolerant,WACASH_Sodas_T,3
Sodas,WACASH,5506,1162,14,tolerant,WACASH_Sodas_T,4
Sodas,WACASH,6823,5041,14,tolerant,WACASH_Sodas_T,5
Sodas,WACASH,2283,5130,14,tolerant,WACASH_Sodas_T,6
Sodas,WACASH,7037,5130,14,tolerant,WACASH_Sodas_T,7
Sodas,WACASH,6798,5041,12.7,tolerant,WACASH_Sodas_T,8
Sodas,WACASH,5502,1162,12.2,tolerant,WACASH_Sodas_T,9
Sodas,WACASH,2275,5129,14,tolerant,WACASH_Sodas_T,10
Sodas,ORSISH,589,1166,13,tolerant,ORSISH_Sodas_T,1
Sodas,ORSISH,7111,6004,12.7,tolerant,ORSISH_Sodas_T,2
Sodas,ORSISH,1642,3134,12.5,tolerant,ORSISH_Sodas_T,3
Sodas,ORSISH,691,1170,13.8,tolerant,ORSISH_Sodas_T,4
Sodas,ORSISH,5572,1166,10.8,tolerant,ORSISH_Sodas_T,5
Sodas,ORSISH,719,1171,13,tolerant,ORSISH_Sodas_T,6
Sodas,ORSISH,5619,1167,12.5,tolerant,ORSISH_Sodas_T,7
Sodas,ORSISH,6398,3134,12.5,tolerant,ORSISH_Sodas_T,8
Sodas,ORSISH,5703,1171,12.7,tolerant,ORSISH_Sodas_T,9
Sodas,ORSISH,2426,6005,12.5,tolerant,ORSISH_Sodas_T,10
Sodas,ORSISL,6316,3095,13.8,tolerant,ORSISL_Sodas_T,1
Sodas,ORSISL,1358,3082,14,tolerant,ORSISL_Sodas_T,2
Sodas,ORSISL,1373,3082,14,tolerant,ORSISL_Sodas_T,3
Sodas,ORSISL,1484,3094,13.7,tolerant,ORSISL_Sodas_T,4
Sodas,ORSISL,1350,3077,13.5,tolerant,ORSISL_Sodas_T,5
Sodas,ORSISL,6163,3077,13.5,tolerant,ORSISL_Sodas_T,6
Sodas,ORSISL,1301,3076,14,tolerant,ORSISL_Sodas_T,7
Sodas,ORSISL,1461,3094,12.9,tolerant,ORSISL_Sodas_T,8
Sodas,ORSISL,1892,3306,13.7,tolerant,ORSISL_Sodas_T,9
Sodas,ORSISL,6233,3082,13,tolerant,ORSISL_Sodas_T,10
Sodas,ORCSTN,6463,3147,14,tolerant,ORCSTN_Sodas_T,1
Sodas,ORCSTN,1654,3147,13.9,tolerant,ORCSTN_Sodas_T,2
Sodas,ORCSTN,4432,8525,14,tolerant,ORCSTN_Sodas_T,3
Sodas,ORCSTN,4294,8045,14,tolerant,ORCSTN_Sodas_T,4
Sodas,ORCSTN,2572,6021,14,tolerant,ORCSTN_Sodas_T,5
Sodas,ORCSTN,1718,3148,14,tolerant,ORCSTN_Sodas_T,6
Sodas,ORCSTN,2552,6020,14,tolerant,ORCSTN_Sodas_T,7
Sodas,ORCSTN,4340,8046,13.8,tolerant,ORCSTN_Sodas_T,8
Sodas,ORCSTN,8965,8524,13.9,tolerant,ORCSTN_Sodas_T,9
Sodas,ORCSTN,4441,8525,13.9,tolerant,ORCSTN_Sodas_T,10
Sodas,ORCSTS,2643,6048,14,tolerant,ORCSTS_Sodas_T,1
Sodas,ORCSTS,2730,6058,14,tolerant,ORCSTS_Sodas_T,2
Sodas,ORCSTS,2663,6048,13,tolerant,ORCSTS_Sodas_T,3
Sodas,ORCSTS,4782,8551,13.9,tolerant,ORCSTS_Sodas_T,4
Sodas,ORCSTS,7454,6058,14,tolerant,ORCSTS_Sodas_T,5
Sodas,ORCSTS,4476,8528,14,tolerant,ORCSTS_Sodas_T,6
Sodas,ORCSTS,7471,6059,14,tolerant,ORCSTS_Sodas_T,7
Sodas,ORCSTS,2686,6050,14,tolerant,ORCSTS_Sodas_T,8
Sodas,ORCSTS,1796,3209,14,tolerant,ORCSTS_Sodas_T,9
Sodas,ORCSTS,2707,6050,13.9,tolerant,ORCSTS_Sodas_T,10
Sodas,CAKLA,2994,7009,13,tolerant,CAKLA_Sodas_T,1
Sodas,CAKLA,7784,7035,12.9,tolerant,CAKLA_Sodas_T,2
Sodas,CAKLA,7567,7005,12.7,tolerant,CAKLA_Sodas_T,3
Sodas,CAKLA,7717,7010,12.7,tolerant,CAKLA_Sodas_T,4
Sodas,CAKLA,3037,7010,12.5,tolerant,CAKLA_Sodas_T,5
Sodas,CAKLA,3158,7036,13.5,tolerant,CAKLA_Sodas_T,6
Sodas,CAKLA,2854,7004,11.7,tolerant,CAKLA_Sodas_T,7
Sodas,CAKLA,3085,7034,11.5,tolerant,CAKLA_Sodas_T,8
Sodas,CAKLA,2828,7004,11,tolerant,CAKLA_Sodas_T,9
Sodas,CAKLA,7818,7035,10.8,tolerant,CAKLA_Sodas_T,10
Sodas,WACST,9194,8542,14,tolerant,WACST_Sodas_T,1
Sodas,WACST,3613,7201,13.7,tolerant,WACST_Sodas_T,2
Sodas,WACST,4257,8028,14,tolerant,WACST_Sodas_T,3
Sodas,WACST,9205,8542,14,tolerant,WACST_Sodas_T,4
Sodas,WACST,8313,7202,13.9,tolerant,WACST_Sodas_T,5
Sodas,WACST,4208,8027,14,tolerant,WACST_Sodas_T,6
Sodas,WACST,8400,7206,14,tolerant,WACST_Sodas_T,7
Sodas,WACST,8792,8026,14,tolerant,WACST_Sodas_T,8
Sodas,WACST,4258,8028,14,tolerant,WACST_Sodas_T,9
Sodas,WACST,4629,8541,14,tolerant,WACST_Sodas_T,10
Sodas,CACST,3911,7808,13.5,tolerant,CACST_Sodas_T,1
Sodas,CACST,3901,7807,10.6,tolerant,CACST_Sodas_T,2
Sodas,CACST,4050,7811,11.2,tolerant,CACST_Sodas_T,3
Sodas,CACST,3790,7801,13.3,tolerant,CACST_Sodas_T,4
Sodas,CACST,8629,7810,12.6,tolerant,CACST_Sodas_T,5
Sodas,CACST,3910,7808,12.8,tolerant,CACST_Sodas_T,6
Sodas,CACST,3806,7802,11.8,tolerant,CACST_Sodas_T,7
Sodas,CACST,8450,7801,13.1,tolerant,CACST_Sodas_T,8
Sodas,CACST,3838,7806,10.9,tolerant,CACST_Sodas_T,9
Sodas,CACST,3802,7802,10.9,tolerant,CACST_Sodas_T,10
Nortons,ORCASL,6114,3054,14,tolerant,ORCASL_Nortons_T,1
Nortons,ORCASL,756,1198,14,tolerant,ORCASL_Nortons_T,2
Nortons,ORCASL,6006,3028,13.4,tolerant,ORCASL_Nortons_T,3
Nortons,ORCASL,1123,3028,13.3,tolerant,ORCASL_Nortons_T,4
Nortons,ORCASL,1195,3053,13.9,tolerant,ORCASL_Nortons_T,5
Nortons,ORCASL,1247,3054,13.9,tolerant,ORCASL_Nortons_T,6
Nortons,ORCASL,1141,3029,14,tolerant,ORCASL_Nortons_T,7
Nortons,ORCASL,5754,1199,13.4,tolerant,ORCASL_Nortons_T,8
Nortons,ORCASL,5166,1038,13,tolerant,ORCASL_Nortons_T,9
Nortons,ORCASH,5150,1030,13.8,tolerant,ORCASH_Nortons_T,1
Nortons,ORCASH,5829,1224,13.1,tolerant,ORCASH_Nortons_T,2
Nortons,ORCASH,1030,3013,13.7,tolerant,ORCASH_Nortons_T,3
Nortons,ORCASH,5801,1223,13.6,tolerant,ORCASH_Nortons_T,4
Nortons,ORCASH,1913,4052,13,tolerant,ORCASH_Nortons_T,5
Nortons,ORCASH,1917,4052,13,tolerant,ORCASH_Nortons_T,6
Nortons,ORCASH,1996,4064,13,tolerant,ORCASH_Nortons_T,7
Nortons,ORCASH,894,1224,13,tolerant,ORCASH_Nortons_T,8
Nortons,ORCASH,1947,4053,12.5,tolerant,ORCASH_Nortons_T,9
Nortons,ORCASH,104,1029,13.9,tolerant,ORCASH_Nortons_T,10
Nortons,WACASL,5447,1152,14,tolerant,WACASL_Nortons_T,1
Nortons,WACASL,5253,1130,13.9,tolerant,WACASL_Nortons_T,2
Nortons,WACASL,441,1151,13.9,tolerant,WACASL_Nortons_T,3
Nortons,WACASL,4749,8548,13.8,tolerant,WACASL_Nortons_T,4
Nortons,WACASL,6912,5116,13.7,tolerant,WACASL_Nortons_T,5
Nortons,WACASL,5293,1131,13.9,tolerant,WACASL_Nortons_T,6
Nortons,WACASL,4580,8538,14,tolerant,WACASL_Nortons_T,7
Nortons,WACASL,272,1130,13.4,tolerant,WACASL_Nortons_T,8
Nortons,WACASL,9248,8547,13.6,tolerant,WACASL_Nortons_T,9
Nortons,WACASL,292,1131,13.1,tolerant,WACASL_Nortons_T,10
Nortons,WACASH,5519,1163,14,tolerant,WACASH_Nortons_T,1
Nortons,WACASH,6820,5041,13.9,tolerant,WACASH_Nortons_T,2
Nortons,WACASH,7084,5202,13.5,tolerant,WACASH_Nortons_T,3
Nortons,WACASH,5325,1146,13.9,tolerant,WACASH_Nortons_T,4
Nortons,WACASH,390,1147,13.1,tolerant,WACASH_Nortons_T,5
Nortons,WACASH,6973,5122,13.1,tolerant,WACASH_Nortons_T,6
Nortons,WACASH,7008,5129,12.8,tolerant,WACASH_Nortons_T,7
Nortons,WACASH,5532,1163,13.6,tolerant,WACASH_Nortons_T,8
Nortons,WACASH,2214,5122,13,tolerant,WACASH_Nortons_T,9
Nortons,WACASH,2235,5129,12.2,tolerant,WACASH_Nortons_T,10
Nortons,ORSISH,689,1170,13.2,tolerant,ORSISH_Nortons_T,1
Nortons,ORSISH,6381,3133,11.9,tolerant,ORSISH_Nortons_T,2
Nortons,ORSISH,6412,3134,13.1,tolerant,ORSISH_Nortons_T,3
Nortons,ORSISH,5698,1171,13.1,tolerant,ORSISH_Nortons_T,4
Nortons,ORSISH,6637,3297,12.8,tolerant,ORSISH_Nortons_T,5
Nortons,ORSISH,2438,6005,13.2,tolerant,ORSISH_Nortons_T,6
Nortons,ORSISH,5563,1166,13,tolerant,ORSISH_Nortons_T,7
Nortons,ORSISH,742,1171,13,tolerant,ORSISH_Nortons_T,8
Nortons,ORSISH,639,1167,13.1,tolerant,ORSISH_Nortons_T,9
Nortons,ORSISH,7110,6004,12.7,tolerant,ORSISH_Nortons_T,10
Nortons,ORSISL,1516,3095,13.5,tolerant,ORSISL_Nortons_T,1
Nortons,ORSISL,6321,3095,13.3,tolerant,ORSISL_Nortons_T,2
Nortons,ORSISL,1879,3306,13.1,tolerant,ORSISL_Nortons_T,3
Nortons,ORSISL,6177,3077,13,tolerant,ORSISL_Nortons_T,4
Nortons,ORSISL,1369,3082,13.6,tolerant,ORSISL_Nortons_T,5
Nortons,ORSISL,6675,3306,12.8,tolerant,ORSISL_Nortons_T,6
Nortons,ORSISL,6317,3095,13.2,tolerant,ORSISL_Nortons_T,7
Nortons,ORSISL,1824,3285,12.5,tolerant,ORSISL_Nortons_T,8
Nortons,ORSISL,1403,3083,13.8,tolerant,ORSISL_Nortons_T,9
Nortons,ORSISL,6288,3094,13.4,tolerant,ORSISL_Nortons_T,10
Nortons,ORCSTN,9024,8525,13.8,tolerant,ORCSTN_Nortons_T,1
Nortons,ORCSTN,4371,8524,13.8,tolerant,ORCSTN_Nortons_T,2
Nortons,ORCSTN,1655,3147,13.7,tolerant,ORCSTN_Nortons_T,3
Nortons,ORCSTN,7334,6021,13.7,tolerant,ORCSTN_Nortons_T,4
Nortons,ORCSTN,1720,3148,13.6,tolerant,ORCSTN_Nortons_T,5
Nortons,ORCSTN,2452,6016,13.1,tolerant,ORCSTN_Nortons_T,6
Nortons,ORCSTN,2500,6019,13.8,tolerant,ORCSTN_Nortons_T,7
Nortons,ORCSTN,2541,6020,13.8,tolerant,ORCSTN_Nortons_T,8
Nortons,ORCSTS,6549,3209,14,tolerant,ORCSTS_Nortons_T,1
Nortons,ORCSTS,2626,6048,13.5,tolerant,ORCSTS_Nortons_T,2
Nortons,ORCSTS,9334,8551,13.8,tolerant,ORCSTS_Nortons_T,3
Nortons,CAKLA,7731,7010,13.4,tolerant,CAKLA_Nortons_T,1
Nortons,CAKLA,7665,7009,13.2,tolerant,CAKLA_Nortons_T,2
Nortons,CAKLA,7652,7008,13.1,tolerant,CAKLA_Nortons_T,3
Nortons,CAKLA,7515,7004,12.8,tolerant,CAKLA_Nortons_T,4
Nortons,CAKLA,7712,7010,12.8,tolerant,CAKLA_Nortons_T,5
Nortons,CAKLA,7591,7007,12.9,tolerant,CAKLA_Nortons_T,6
Nortons,CAKLA,2968,7008,12.5,tolerant,CAKLA_Nortons_T,7
Nortons,CAKLA,2863,7005,12.4,tolerant,CAKLA_Nortons_T,8
Nortons,CAKLA,7882,7037,12.7,tolerant,CAKLA_Nortons_T,9
Nortons,WACST,4226,8027,14,tolerant,WACST_Nortons_T,1
Nortons,WACST,8817,8027,13.9,tolerant,WACST_Nortons_T,2
Nortons,WACST,3612,7201,13.5,tolerant,WACST_Nortons_T,3
Nortons,WACST,8846,8027,13.8,tolerant,WACST_Nortons_T,4
Nortons,WACST,4272,8028,13.6,tolerant,WACST_Nortons_T,5
Nortons,CACST,3801,7802,13,tolerant,CACST_Nortons_T,1
Nortons,CACST,3895,7807,13,tolerant,CACST_Nortons_T,2
Nortons,CACST,3845,7806,12.7,tolerant,CACST_Nortons_T,3
Nortons,CACST,8635,7810,13.4,tolerant,CACST_Nortons_T,4
Nortons,CACST,8466,7802,13,tolerant,CACST_Nortons_T,5
Nortons,CACST,4058,7811,12.8,tolerant,CACST_Nortons_T,6
Nortons,CACST,3956,7809,13.1,tolerant,CACST_Nortons_T,7
Nortons,CACST,4082,7817,13.8,tolerant,CACST_Nortons_T,8
Nortons,CACST,3894,7807,12.9,tolerant,CACST_Nortons_T,9
Nortons,CACST,8615,7809,12.6,tolerant,CACST_Nortons_T,10
Floras,ORCASL,28,1026,13,tolerant,ORCASL_Floras_T,1
Floras,ORCASL,1223,3054,13.1,tolerant,ORCASL_Floras_T,2
Floras,ORCASL,5757,1199,13.6,tolerant,ORCASL_Floras_T,3
Floras,ORCASL,201,1039,12,tolerant,ORCASL_Floras_T,4
Floras,ORCASL,57,1027,12.3,tolerant,ORCASL_Floras_T,5
Floras,ORCASL,6063,3053,10.9,tolerant,ORCASL_Floras_T,6
Floras,ORCASL,184,1038,12.3,tolerant,ORCASL_Floras_T,7
Floras,ORCASL,5214,1039,12,tolerant,ORCASL_Floras_T,8
Floras,ORCASL,1221,3054,12,tolerant,ORCASL_Floras_T,9
Floras,ORCASL,6037,3029,12.6,tolerant,ORCASL_Floras_T,10
Floras,ORCASH,5884,2028,11.6,tolerant,ORCASH_Floras_T,1
Floras,ORCASH,840,1223,11.8,tolerant,ORCASH_Floras_T,2
Floras,ORCASH,6689,4052,10.7,tolerant,ORCASH_Floras_T,3
Floras,ORCASH,108,1029,11.2,tolerant,ORCASH_Floras_T,4
Floras,ORCASH,1035,3013,11,tolerant,ORCASH_Floras_T,5
Floras,ORCASH,5130,1030,10.8,tolerant,ORCASH_Floras_T,6
Floras,ORCASH,932,2028,10.9,tolerant,ORCASH_Floras_T,7
Floras,ORCASH,5944,3014,10.9,tolerant,ORCASH_Floras_T,8
Floras,ORCASH,5796,1223,10.7,tolerant,ORCASH_Floras_T,9
Floras,ORCASH,925,1224,10.2,tolerant,ORCASH_Floras_T,10
Floras,WACASL,5305,1131,10.8,tolerant,WACASL_Floras_T,1
Floras,WACASL,4538,8537,10.5,tolerant,WACASL_Floras_T,2
Floras,WACASL,9232,8547,10.4,tolerant,WACASL_Floras_T,3
Floras,WACASL,6900,5115,11.6,tolerant,WACASL_Floras_T,4
Floras,WACASL,5445,1152,10.7,tolerant,WACASL_Floras_T,5
Floras,WACASL,6932,5116,10.8,tolerant,WACASL_Floras_T,6
Floras,WACASL,411,1151,10.8,tolerant,WACASL_Floras_T,7
Floras,WACASL,2138,5115,11,tolerant,WACASL_Floras_T,8
Floras,WACASL,4757,8548,8,tolerant,WACASL_Floras_T,9
Floras,WACASL,4578,8538,10.6,tolerant,WACASL_Floras_T,10
Floras,WACASH,5334,1146,13.1,tolerant,WACASH_Floras_T,1
Floras,WACASH,2017,5041,13.1,tolerant,WACASH_Floras_T,2
Floras,WACASH,7046,5130,13.1,tolerant,WACASH_Floras_T,3
Floras,WACASH,5321,1146,11.9,tolerant,WACASH_Floras_T,4
Floras,WACASH,2084,5042,12.4,tolerant,WACASH_Floras_T,5
Floras,WACASH,513,1162,10.3,tolerant,WACASH_Floras_T,6
Floras,WACASH,396,1147,11.5,tolerant,WACASH_Floras_T,7
Floras,WACASH,7009,5129,10.5,tolerant,WACASH_Floras_T,8
Floras,WACASH,537,1163,11.9,tolerant,WACASH_Floras_T,9
Floras,WACASH,2206,5122,10.9,tolerant,WACASH_Floras_T,10
Floras,ORSISH,627,1167,11.9,tolerant,ORSISH_Floras_T,1
Floras,ORSISH,5632,1170,13.7,tolerant,ORSISH_Floras_T,2
Floras,ORSISH,5692,1171,13,tolerant,ORSISH_Floras_T,3
Floras,ORSISH,6410,3134,10.5,tolerant,ORSISH_Floras_T,4
Floras,ORSISH,2416,6005,13.2,tolerant,ORSISH_Floras_T,5
Floras,ORSISH,5670,1170,12.3,tolerant,ORSISH_Floras_T,6
Floras,ORSISH,680,1170,11.8,tolerant,ORSISH_Floras_T,7
Floras,ORSISH,640,1167,11,tolerant,ORSISH_Floras_T,8
Floras,ORSISH,5614,1167,10.6,tolerant,ORSISH_Floras_T,9
Floras,ORSISH,6415,3134,10.4,tolerant,ORSISH_Floras_T,10
Floras,ORSISL,1490,3094,13.9,tolerant,ORSISL_Floras_T,1
Floras,ORSISL,1894,3306,13.4,tolerant,ORSISL_Floras_T,2
Floras,ORSISL,6322,3095,13,tolerant,ORSISL_Floras_T,3
Floras,ORSISL,1407,3083,13.2,tolerant,ORSISL_Floras_T,4
Floras,ORSISL,6264,3083,13.2,tolerant,ORSISL_Floras_T,5
Floras,ORSISL,1529,3095,12.8,tolerant,ORSISL_Floras_T,6
Floras,ORSISL,1476,3094,10.8,tolerant,ORSISL_Floras_T,7
Floras,ORSISL,6215,3082,11.8,tolerant,ORSISL_Floras_T,8
Floras,ORSISL,1807,3285,9.4,tolerant,ORSISL_Floras_T,9
Floras,ORCSTN,8998,8524,13.3,tolerant,ORCSTN_Floras_T,1
Floras,ORCSTN,6450,3147,13.1,tolerant,ORCSTN_Floras_T,2
Floras,ORCSTN,8911,8045,13.3,tolerant,ORCSTN_Floras_T,3
Floras,ORCSTN,2449,6016,12.4,tolerant,ORCSTN_Floras_T,4
Floras,ORCSTN,7272,6020,12.4,tolerant,ORCSTN_Floras_T,5
Floras,ORCSTN,7333,6021,12.2,tolerant,ORCSTN_Floras_T,6
Floras,ORCSTN,2450,6016,12,tolerant,ORCSTN_Floras_T,7
Floras,ORCSTN,4327,8046,12,tolerant,ORCSTN_Floras_T,8
Floras,ORCSTN,1690,3148,13.4,tolerant,ORCSTN_Floras_T,9
Floras,ORCSTN,4447,8525,11,tolerant,ORCSTN_Floras_T,10
Floras,ORCSTS,2634,6048,13.1,tolerant,ORCSTS_Floras_T,1
Floras,ORCSTS,2687,6050,13,tolerant,ORCSTS_Floras_T,2
Floras,ORCSTS,2775,6059,13,tolerant,ORCSTS_Floras_T,3
Floras,ORCSTS,7345,6048,13.1,tolerant,ORCSTS_Floras_T,4
Floras,ORCSTS,4807,8551,12,tolerant,ORCSTS_Floras_T,5
Floras,ORCSTS,4829,8552,13.1,tolerant,ORCSTS_Floras_T,6
Floras,ORCSTS,6512,3180,13.1,tolerant,ORCSTS_Floras_T,7
Floras,ORCSTS,9359,8552,13.1,tolerant,ORCSTS_Floras_T,8
Floras,ORCSTS,2723,6058,13,tolerant,ORCSTS_Floras_T,9
Floras,ORCSTS,6527,3180,12.8,tolerant,ORCSTS_Floras_T,10
Floras,CAKLA,7607,7007,10.7,tolerant,CAKLA_Floras_T,1
Floras,CAKLA,7877,7037,13,tolerant,CAKLA_Floras_T,2
Floras,CAKLA,2944,7008,10.2,tolerant,CAKLA_Floras_T,3
Floras,CAKLA,7785,7035,12.3,tolerant,CAKLA_Floras_T,4
Floras,CAKLA,3049,7010,11.9,tolerant,CAKLA_Floras_T,5
Floras,CAKLA,7755,7034,11.7,tolerant,CAKLA_Floras_T,6
Floras,CAKLA,2984,7009,10.7,tolerant,CAKLA_Floras_T,7
Floras,CAKLA,7561,7005,10.4,tolerant,CAKLA_Floras_T,8
Floras,CAKLA,2819,7004,9.8,tolerant,CAKLA_Floras_T,9
Floras,CAKLA,7713,7010,9.9,tolerant,CAKLA_Floras_T,10
Floras,WACST,8821,8027,11,tolerant,WACST_Floras_T,1
Floras,WACST,4168,8026,12.8,tolerant,WACST_Floras_T,2
Floras,WACST,8274,7201,10.6,tolerant,WACST_Floras_T,3
Floras,WACST,9178,8541,10.9,tolerant,WACST_Floras_T,4
Floras,WACST,3738,7206,11,tolerant,WACST_Floras_T,5
Floras,WACST,8317,7202,10.5,tolerant,WACST_Floras_T,6
Floras,WACST,3712,7205,10.6,tolerant,WACST_Floras_T,7
Floras,WACST,3643,7202,10.4,tolerant,WACST_Floras_T,8
Floras,WACST,4671,8542,10.3,tolerant,WACST_Floras_T,9
Floras,WACST,8340,7205,10.5,tolerant,WACST_Floras_T,10
Floras,CACST,3964,7809,12.8,tolerant,CACST_Floras_T,1
Floras,CACST,8520,7807,12.3,tolerant,CACST_Floras_T,2
Floras,CACST,4044,7811,12,tolerant,CACST_Floras_T,3
Floras,CACST,3993,7809,11.3,tolerant,CACST_Floras_T,4
Floras,CACST,8623,7810,11,tolerant,CACST_Floras_T,5
Floras,CACST,8711,7817,10.1,tolerant,CACST_Floras_T,6
Floras,CACST,8498,7806,10,tolerant,CACST_Floras_T,7
Floras,CACST,3810,7802,13.1,tolerant,CACST_Floras_T,8
Floras,CACST,3920,7808,11.3,tolerant,CACST_Floras_T,9
Floras,CACST,3992,7809,11.1,tolerant,CACST_Floras_T,10
